Label,Raw_tweet,Cleaned_GPT+Traditional
sadness,"Yang menyedihkan lagi ada yang menganggap Via Vallen itu nggak merasa di lecehkan amat, malah mau naik pamor demi mencapai Keviralan dan itu diungkapkan oleh seorang W.A.N.I.T.A Addeh, udah jadi korban, sesama Wanita pula. Padahal normalnya harus saling dukung, saling empati [URL]",yang menyedihkan sedang ada yang menganggap via vallen itu tidak merasa dilecehkan sangat bahkan ingin naik pamor demi mencapai keviralan dan itu diungkapkan oleh seorang wanita aduh sudah jadi korban sesama wanita pula padahal normalnya harus saling dukung saling empati
anger,"Iya nih anjing, manusia pada lebay muak gua liatnya",iya nih anjing manusia pada berlebihan muak saya liat nya
anger,samanye udeh maling semua gak si jancok gak si anjing gak si siluman monyet hahahahaha SATU HATI SAMA SAMA MALING !!!!,samanya sudah maling semua tidak sih jancok tidak sih anjing tidak sih siluman monyet haha satu hati sama sama maling
anger,JILBABER BAJU NATAL NORAK & ANJING2 KALIAN SDH MNYAMBUT DI HOTEL WAHAI INTEL SETAN [USERNAME] [USERNAME] APEP AHMAD TARDIYANA URBANE ANJING !! INI AJA POLA ULAH INTEL BUSUK LO NGIKUTIN ORG KEMNPUN TAEKKKK !! ALAT TEROR BNGSAT LAGI2 KALIAN PASANG DI KAMAR KERJASAMA DGN HOTEL TAEK!,orang berhijab baju natal norak anjing anjing kalian sudah menyambut di hotel wahai intelsetan apep ahmad tardiyana urbane anjing ini saja pola ulah intel busuk kamu mengikuti orang kemana pun taek alat teror bangsat sedang sedang kalian pasang di kamar kerja sama dengan hotel tahi
fear,Smg bsk ud ada pengumuman baik ya Allah amin lancarkanlah segalanya bener2 deh judulnya skrg tuh w dipenuhi ketidak pastian dan penantian huhuhu bener2 dr berbagai aspek bs tenang aja ga si ni idup,semoga besok sudah ada pengumuman baik iya allah amin lancarkan lah segalanya benar benar deh judulnya sekarang tuh sudah dipenuhi ketidakpastian dan penantian huhuhu benar benar dari berbagai aspek bisa tenang saja tidak sih ini hidup
love,"kalo dokter dipanggilnya ""dok"" - kalo suster dipanggilnya ""sus"" - nah kalo apoteker? ""ap"", ""tek"", ato ""ker"" ?. Iya juga yah, bingung. Aku pribadi sih lbh seneng kamu panggil ""sayang"", it warms ma heart",kalau dokter dipanggilnya dok kalau suster dipanggilnya sus nah kalau apoteker apoteker apotek atau ker iya juga ya bingung saya pribadi sih lebih senang kamu panggil sayang itu hangat my heart
happy,Kita semua mengaturkan kesuwun yg se-tinggi2nya kpd pakjokowi n kabinet dgn kinerja yg super bnget utk kemakmuran rakyat,kita semua mengucapkan terima kasih yang setinggi tingginya kepada pak jokowi dan kabinet dengan kinerja yang sangat baik untuk kemakmuran rakyat
happy,"Berharap suatu saat nanti difilmkan seperti ""The 33"". Judulnya ""The 13"" mungkin. The coach, kids, dan semua orang yg terlibat aksi penyelamatan. Bener2 Faith In Humanity Restored. Terharu. #ThaiCaveRescue [URL]",berharap suatu saat nanti difilmkan seperti the judulnya the mungkin the coach kids dan semua orang yang terlibat aksi penyelamatan benar benar faith ini humanity restored terharu thaicaverescue
happy,"Untuk para sahabat dan guru #pakarkomunikasi neniyulianita dr ani dan teman teman akademisi ""Selamat Milad fikom_unisba ke 35"" semoga lulusan FIKOM UNISBA semakin berkualitas",untuk para sahabat dan guru pakar komunikasi neni yulianita dari ani dan teman teman akademisi selamat milad fakultas ilmu komunikasi unisba ke semoga lulusan fakultas ilmu komunikasi unisba semakin berkualitas
sadness,"Gegara td malem treak treak gemash ngliat indo kalah 2-1 sm thailand di kandang sendiri, kini tenggorokan minta digaruk -_________- yg nonton td mlm ngacung coba? Kalean tim mana nih?",gegara tadi malam teriak teriak gemas melihat indonesia kalah sama thailand di kandang sendiri kini tenggorokan meminta digaruk _________ yang menonton tadi malam ngacung coba kalian tim mana nih
anger,"Tapi angin2an sih. Kadang ditindak, kadang enggak. Gak konsisten, jd gak fair. Siapa yg merasa gak fair, ya pmlik mbl yg pas parkir di situ, terus ditindak. Kitu sanes...??",tetapi angin anginan sih kadang ditindak kadang tidak tidak konsisten jadi tidak adil siapa yang merasa tidak adil iya pemilik mobil yang pas parkir di situ terus ditindak kitu sanes
happy,"Terima kasih yak buat kakak* diJakarta n Surabaya yg udh luangin waktunya buat meetup.. hehehehee , so sekarang saatnya off , sampai ketemu akhir bulan ya di Balikpapan dan Denpasar... GBU all",terima kasih iya buat kakak di jakarta dan surabaya yang sudah meluangkan waktunya untuk meetup hehe jadi sekarang saatnya pulang sampai jumpa akhir bulan di balikpapan dan denpasar tuhan memberkati all
anger,"Lagi ngoceh soal artis xx yg di follow masku..ya ngoceh dikit Temen kerja gue komentar ""haha kasian ya lu beli tiket mahal cuma salaman kaga di folbek"" I was like ""-_________-"" Pfftt Males ngobrol ama orang gblk emang",sedang mengoceh soal artis xx yang di follow masuk iya mengoceh sedikit teman kerja saya komentar tertawa kasihan iya kamu beli tiket mahal cuma bersalaman tidak di followback i was like _________ pfftt malas bicara dengan orang goblok memang
sadness,"Yang saya lakukan ketika mikir keras : 1. Mantengin leptop berharap dapat ide. Buntu. 2. Nyetel musik berharap merilekskan otak, biar ada inspirasi. Buntu. 3. Glibag-glibug di kasur, merenung sambil meluk bantal. Kemudian ketiduran.",yang saya lakukan ketika pikir keras adalah mantengin laptop berharap dapat ide buntu mendengarkan musik berharap bisa merilekskan otak biar ada inspirasi buntu bergelimpangan di kasur merenung sambil memeluk bantal kemudian ketiduran
anger,sama'y sudah g ush ganti ganti saja kali ya menyiksa batin sangat axis disini,sama nya sudah jangan ganti ganti saja kali iya menyiksa batin sangat axis disini
happy,oke (y) cek fav ka :),oke iya cek favorit kakak
sadness,Ingat saat kalian bergabung dengan Twitter? Saya ingat! dari smp entahlah sampai sekarang. dari yg pertama rame sekali twitter sampai hampa gt. tl sepe bgt hufth..kek hati saya gt. *eaaaaa hahahaha #HariJadiTwitterSaya [URL],ingat saat kalian bergabung dengan twitter saya ingat dari Sekolah Menengah Pertama entahlah sampai sekarang dari yang pertama ramai sekali twitter sampai hampa begitu tl sepi sekali mengeluh mirip hati saya begitu eaa hahahaha harijaditwittersaya
anger,kamu yang alay yah -_- kamu sih 4lay ih akoh molo sih seble :]x bagaikan menyiram luka pakai air,kamu yang norak iya _ kamu itu norak banget saya bahkan jadi kesal deh bagaikan menyiram luka dengan air
happy,"sebenernya awal gua naksir yg coklat, tp wkt itu stock kosong T^T krn w kepo parah ama sound ini headphone dan keinginan untuk memiliki sudah terlalu kuat! jadinya beli yg ada stocknya aja.. akhirnya w berjodoh dengan ""STEEL""",sebenarnya awal saya menaksir yang coklat tetapi waktu itu stock kosong karena saya ingin tahu parah sama sound ini headphone dan keinginan untuk memiliki sudah terlalu kuat jadinya beli yang ada stocknya saja akhirnya saya berjodoh dengan baja
fear,"Berat badanku 77kg, aku minder, aku takut di bully, aku takut mereka yg bilang cantik itu langsing bukan C A N T I K Aku juga takut dibilang ""Gapura Kecamatan"" #janganbullyaku [URL]",berat badanku kilogram saya minder saya takut di rundung saya takut mereka yang bilang cantik itu langsing bukan cantik saya juga takut dibilang gapura kecamatan janganbullyaku
sadness,"(c.) jalan tol. Ia sungguh sedih mengingat kejadian-kejadian di kehidupannya. Tak kuat menahan sedih, dirinya mencoba mengakhiri hidupnya sambil menatap bayi Aurora yang tengah terlelap dan tersenyum. Tak kuasa melihat malaikat kecilnya yang begitu cantik mengurungkan niatnya (c",jalan tol ia sungguh sedih mengingat kejadian kejadian di kehidupannya tidak kuat menahan sedih dirinya mencoba mengakhiri hidupnya sambil menatap bayi aurora yang tengah terlelap dan tersenyum tidak kuasa melihat malaikat kecil nya yang begitu cantik mengurungkan niatnya
anger,"Ya gue tau sih, bukan grup kita yg digituin. Tapi sesama cewek, terus dibilang bahan gituan.... masih bisa terima? Dia jelas2 public figure, dan ngomong dengan enaknya di video bahan c**i? Gue ngetik aja ga nyaman. Wah gue lisa digituin aja gue semarah ini, gimana bangtan? -.-",iya saya tahu sih bukan grup kita yang diperlakukan seperti itu tetapi sesama cewek terus dibilang bahan begituan masih bisa terima dia jelas jelas public figure dan bicara dengan enaknya di video bahan coli saya ketik saja tidak nyaman wah saya lisa diperlakukan seperti itu saja saya se marah ini bagaimana bangtan
fear,"ketika idung nyium bau bau gaenak lalu temen yg rumahnya lumayan jauh ngechat di wa ""kalian nyium bau gas ga ?"" NJIRRR IYA INI BAU GAS  INI BUKAN GAS BERACUN KAN HUH ? KO JADI PARNO SIH",ketika hidung mencium bau tidak enak lalu teman yang rumahnya lumayan jauh mengirim pesan di whatsapp kalian mencium bau gas tidak nji iya ini bau gas ini bukan gas beracun kan apa kenapa jadi takut sih
fear,"/rlt guys aku mau nanya. Aku bingung, aku ketrima u'p'n vj sama un air. Aku suka jurusan yg di u pn tp aku anak daerah, agak takut di jkt. Dan yg un air uda dibayar. Mohon sarannya.",teman-teman saya ingin bertanya saya bingung saya diterima upnvj sama universitas negeri saya suka jurusan yang di Universitas Pembangunan Nasional tetapi saya anak daerah agak takut di jakarta dan yang universitas negeri sudah dibayar mohon sarannya
anger,"heii..hey km para kaum adam hr gini msih mau aj Trnsfer""/ DP""sedihh kan klw di block stelah Tf...mk ny yg Real"" aja klw mw ktmuan sma kaum hawa...hihiiihii",hei hey kamu para kaum adam hari ini masih ingin saja transfer atau uang muka sedih kan kalau diblock setelah transfer mungkin yang real saja kalau ingin bertemu sama kaum hawa hehe
anger,dia ! emang'a apa kya a tahu ! masalah'a sih sepele tapi bisa bikin saya ngedown,dia memangnya apa iya kayaknya tahu masalahnya sih sepele tetapi bisa buat saya down
anger,Hey kamuuhhh!! semoga qt dijauhkan dari keputusan yang bodoh ituu Selamat menjalankan ibadah puasa juga budiirrr@olfi_opi,hey kamu semoga kita dijauhkan dari keputusan yang bodoh itu selamat menjalankan ibadah puasa juga
love,"Tadi Siang,Aku Mimpi Bang Tomi.Di Mimpi Itu Aku dan Bang Tomi Kelihatan Akrab...bngt.Sampe,Bang Tomi Ngerangkul Pundak Aku Erat...bngt.Apa,ya...Arti Mimpi itu...???",tadi siang saya mimpi bang tomi di mimpi itu saya dan bang tomi kelihatan akrab banget sampai bang tomi merangkul pundak saya erat banget apa iya arti mimpi itu
happy,"Inget tebak tebakan dulu: Budi: ikan, ikan apa yang bentuknya segitiga? Aisyah: Ikan Sepat Budi: kurang tepat ayy Aisyah: trus apa dong! *Mendesak penasaran Budi: Iiikancut luuu.. Nb: Seketika hening, 5 detik kemudian tertawa malu. Wkwkwkwk #recehkantwitter",ingat tebak tebakan dulu budi ikan ikan apa yang bentuknya segitiga aisyah ikan sepat budi kurang tepat sayang aisyah terus apa dong mendesak penasaran budi ikancutlu nb seketika hening detik kemudian tertawa malu wkwkwkwk recehkan twitter
fear,"+ Oleh paman nya kemarin. Namun tiba tiba ada seorang pria paruh baya datang menghampiri nya sambil membawa sebuah papan nama bertuliskan namanya. ""Ini mas jefry?"" Tanya nya dengan agak sedikit ragu karena sepertinya dia takut salah mengira orang +",oleh paman nya kemarin namun tiba tiba ada seorang pria paruh baya datang menghampiri nya sambil membawa satu buah papan nama bertuliskan namanya ini mas jefry tanya nya dengan agak sedikit ragu karena sepertinya dia takut salah mengira orang
anger,"[USERNAME] .... Harga sepatu saja 13,6 jt.... Gimana mau bicara rakyat miskin.....?? Harga sepatu 13, 6 jt. Itu = 6 x rata2 UMR /bln Rakyat ..... Masih mau ngomong kemiskinan Rakyat....??",harga sepatu saja juta bagaimana ingin bicara soal rakyat miskin harga sepatu juta itu sama dengan enam kali rata rata upah minimum regional per bulan rakyat masih ingin membahas kemiskinan rakyat
anger,#CalonPenghuniNeraka INI SERIUS Buat elu semua para player troll player toxic player noob terutama di game vainglory Elu gak gue maafin. Jancok Neraka bangsaaaaat,calon penghuni neraka ini serius buat kalian semua para pemain memancing kemarahan pemain toxic pemain cupu terutama di game vainglory kalian tidak akan saya maafkan jancok neraka bangsat
happy,"LoveLaws - TT (2018) Gak paham gue sama mbak gitaris Warpaint satu ini, keren banget. Gue denger album ini kayak exposing her romantic side nya gitu tp jir berhasil banget, vibe nya fierce tp vurnerable + seducing at the same time. W paling suka lagu Love Leaks sm I've Been Fine [URL]",lovelaws tt tidak paham saya sama mbak gitaris warpaint satu ini keren banget saya dengar album ini mirip exposing dia romantic samping nya begitu tetapi anjing berhasil banget atmosfer nya fierce tetapi vulnerable dan menggoda at the sama time saya paling suka lagu cinta leaks sama i ve sudah fine
happy,Dulu kaya hampir setengah jam atau 2*x sesi jelasin org korea kata *Cie*...sampe pake di dramain biat pd nyambung... Akhirnya baru pd ngerti dan nemu padanan kata ke korea.. trus skrg gw yg lupa bhs koreanya cie apa hahahhaa [URL],dulu kayak hampir setengah jam atau dua kali sesi jelasin orang korea kata cie sampai pakai di drama biar pada menyambung akhirnya baru pada mengerti dan temu padanan kata ke korea terus sekarang saya yang lupa bahasa koreanya cie apa tertawa
fear,punya kebiasaan kekamar mandi tengah malem berhubung kamarmandinya lagi dibenerin jadi pake kamarmandi tempat lain tapi kamarmandinya serem I'm scared &gt&,punya kebiasaan ke kamar mandi tengah malam berhubung kamar mandinya sedang diperbaiki jadi pakai kamar mandi tempat lain tetapi kamar mandinya seram i sama takut
anger,"ELING GA SIH NIH 3????!!!!!! BIASANYA SECEPAT KILAT, SKRG LAMBAT BGT INSTAGRAM GA KE REFRESH SAMA SEKALI TWITTER JUGA SAMA!!!!!!!!!!! GIMANA NIH? BOSEN NANYAIN NOMOR MULU TAPI UDAH 5 HARI SELAMBAT INI [USERNAME]",eling tidak sih nih biasanya secepat kilat sekarang lambat sekali instagram gake refresh sama sekali twitter juga sama bagaimana nih bosan menanyakan nomor terus tetapi sudah hari se lambat ini
fear,[USERNAME] demi apapun w takut ama ntu hewan. trauma pernah digigit dan w abis itu ke rumah sakit gegara keracunan. padahal digigit sama yang kecil masih anaknya gitu tapi buset dah w langsung pusing lemes. jadi ampe sekarang kalau ngeliat ini hewan langsu,demi apa pun saya takut akan hewan itu trauma pernah digigit dan saya habis itu ke rumah sakit gegara keracunan padahal digigit sama yang kecil masih anaknya begitu tetapi buset sudah saya langsung pusing lemas
love,":: meski aku golput.. tp salut [USERNAME] .. ia satu2nya presiden #RakyatIndonesia yg bisa menangis di depan publik... :: memang tak sedikit lawan2 politiknya.. mngcap dia sombong.. :: tapi, nyatanya, ia menangis.. :: :: #SaveNKRI [URL]",meski saya golongan putih tetapi salut ia satu satu nya presiden rakyatindonesia yang bisa menangis di depan publik memang tidak sedikit lawan politiknya menilainya sombong tetapi nyatanya ia menangis savenkri
anger,bacot parah galak kalau udah marah jan mau deh dimarahin lex. caca aja kapokgabisa dibohongin kalau ttg cinta tp knpa ttg lainnya lu bege ya susah beud disuruh tidur atau makan my human diary yang kita dkt gatau grgr,bacotnya parah galak sekali kalau sudah marah tidak ingin deh dimarahi sedang sama lex caca saja kapok tidak bisa dibohongi soal cinta tetapi kenapa soal yang lain kamu bandel banget iya susah sekali disuruh tidur atau makan my manusia diary kita dekat tetapi tidak tahu kenapa begini
fear,"[USERNAME] nyabutnya santae aja pake jari asal jgn kena kuku. beli softlennya yg emg bagus dan jelas. dulu ku pernah beli soflen di tmn cuma yg warna22an gt biasanya item. terus lg gangapa22in ujug22 gatel perih etaunya robek :,( untung cepet22 dikeluari",nyabutnya santai saja pakai jari asal jangan kena kuku beli softlens yang memang bagus dan jelas dulu aku pernah beli softlens di teman cuma yang warna warni begitu biasanya hitam terus sedang tidak berbuat apa-apa itu ujung ujungnya gatal perih ketahuan robek untung cepat cepat di keluar kan
fear,Hanya mampu retweet bagi peminat cerita seram tengok je lah. Saya penakut. Kalau tengok kat wayang ni dengar suara aku sorang je menjerit walaupun tutup mata,hanya mampu retweet bagi peminat cerita seram tengok saja saya penakut kalau tengok di wayang ini dengar suara saya seorang saja menjerit walaupun tutup mata
love,"Haha, tiap hari juga kamu selalu terpesona dan semakin terpesona sama aku kkk~",tertawa setiap hari juga kamu selalu terpesona dan semakin terpesona sama saya he
fear,Apa yang akan kamu lakukan jika ada singa masuk ke rumahmu? nyuruh singanya makan kau. biar mati kenak makan singa. uh ngeri ya off anonla m h e h e,apa yang akan kamu lakukan jika ada singa masuk ke rumahmu menyuruh singa nya makan kamu biar mati kenak makan singa uh negeri iya
love,"Kalo udah sayang beneran itu mau dihadapkan sama cowok yang lebih tajir +++, ganteng +++, pinter +++, serba +++, dll itu pasti bakalan tetep ga mau berpindah",kalau sudah sayang benaran itu ingin dihadapkan sama cowok yang lebih kaya ganteng pintar serba positif dan lain lain itu pasti akan tetap tidak ingin berpindah
fear,"[USERNAME] Lagi main di rumah temen tuh. Pas pipis liat cd udah merah gitu. Langsung izin pulang bilangnya mendadak sakit Pas sampe rumah bilang, ""itu""kakak berdarah mah. Takut. Soalnya emang pas main jatuh. Pas diliat dibilang mens. Hue besoknya pe",sedang main di rumah teman tuh pas kencing lihat celana dalam sudah merah begitu langsung izin pulang katanya mendadak sakit pas sampai rumah bilang itu kakak berdarah mah takut sebab memang pas main jatuh pas dilihat dibilang mens apa besoknya pusing
love,SATU LAGI KALIAN DUA AKUN BASE YANG PALING AKU SAYANG. YANG PALING BISA MENGINGATKAN SATU SAMA LAIN. DAN MAKASIH BANYAK BUAT ADMIN2NYAAA ILY ILY ILY I PURPLE YOU! [USERNAME] [USERNAME] [USERNAME],satu sedang kalian dua akun base yang paling saya sayang yang paling bisa mengingatkan satu sama lain dan makasih banyak buat admin adminnya i cinta kamu i cinta kamu i cinta kamu i purple kamu
fear,[USERNAME] libur tapi ini tugas dikumpulin senin aq takut kalo tida selesai p.s sekali lagi ngirim foto yoongi yang macem gituan AQ BLOCK p.s.s SAME ENERGY WITH THIS PICT DJKDDJDLDL [URL],libur tetapi ini tugas dikumpulin senin saya takut kalau tidak selesai sekali sedang mengirim foto yoongi yang macam begituan saya blokir p si si sama energy dengan this foto
anger,"[USERNAME] [USERNAME] bisa juga dengan sepatah awalan di depan kalimat: ""makanya.........."" ""Kan udah gue bilang......."" ""Ngotot sih dikasih tau......"" ""Pala batu sih....."" Et cetera~",bisa juga dengan sepatah awalan di depan kalimat makanya kan sudah saya bilang keras kepala sih dikasih tahu kepala batu sih et cetera
sadness,"*Ngbrol masalah gaji* Atasan aing : waktu itu gmna sih ndre detail gajimu? Yg di jelasin pak **** Aing: gatau pak, saya nanyain gaji aja malah di marahin Atasan aing:....... Aing:......... SAVAGE *langsung ada backsound mobile legend",ngebrol masalah gaji atasan saya waktu itu bagaimana sih ndre detail gajimu yang dijelasin pak saya tidak tahu pak saya menanyakan gaji saja bahkan dimarahi atasan saya saya savage langsung ada backsound mobile legend
sadness,"Gue pun juga ngatain sesama perempuan, memutus rantai akan julit emang susah owislah~~ ibarate sego uwis dadi bubur~ flying money money",saya pun juga mengatakan sesama perempuan memutus rantai akan iri memang susah ibarat sego sudah jadi bubur flying money money
anger,"Kasus via Vallen, itu juga sering terjadi kok, dari yang gue kenal orang nya sampai gk gue kenal orang nya, sering bertebaran gambar t*t*t di DM gue , messenger, WA lah yg gue lakukan block, block or report akun nya, kelar",kasus via vallen itu juga sering terjadi kok dari yang saya kenal orangnya sampai tidak saya kenal orangnya sering bertebaran gambar t t t di direct message saya messenger whatsapp lah yang saya lakukan block block atau laporan akunnya selesai
fear,aku takut dngn smua bnda.. ap y bkl trjadi ap y tgh tjadi kat sekeliling aku.. aku takut dngn diri sndiri.. hate this feeling.. just wanna die rn.. fml,saya takut dengan semua benda apa yang bakal terjadi apa yang tengah berlaku di sekeliling aku saya takut dengan diri sendiri benci this feeling hanya ingin mati right now keluarga
anger,"[USERNAME] [USERNAME] [USERNAME] Dan lebihnya speak up itu dikatain lebay, cari sensasi dsb Mereka ga mikir, kalo mau speak up itu butuh keberanian, karna sebenernya pelecehan itu aib tp kalo ga speak up itu orang jg ga bakal jera, ga ngerasa mal",dan lebihnya berbicara up itu di katain berlebihan cari sensasi dan lain sebagainya mereka tidak pikir kalau ingin berbicara up itu butuh keberanian karena sebenarnya pelecehan itu aib tetapi kalau tidak berbicara up itu orang juga tidak bakal jera tidak merasa mal
love,"[USERNAME] HYUNMIN DOOONG!! MEREKA ITU RACUN BANGET KE GUEEE! KAPAL YANG PALING TULUS, KAPAL YANG PALING ROMANTIS BAGI GUE, MOMENT KECIL YANG MEREKA BUAT AJA UDAH BIKIN GONJANG-GANJING BODO AMAT DISINDIR SINDIR KAPAL LAIN WQWQWQ~ GUE SAYANG KAPAL INI T",hyunmin dong mereka itu racun sekali ke saya kapal yang paling tulus kapal yang paling romantis bagi saya momen kecil yang mereka buat saja sudah buat gonjang ganjing bodo sangat disindir sindir kapal lain wqwqwq saya sayang kapal ini t
sadness,pusing qlo gini pilih yang mana qlo gini (at pt airmas asri),pusing sekali begini pilih yang mana begini di perseroan terbatas air mas asri
happy,"Kalian kerja qeras bagay quda banget yaa buat kambek kali ini T.T Baiklah, besok2 streaming melon ama mv nya lebih semangaaatttzzzsss yaaaaa [USERNAME] :""""""""""""""""))))))",kalian kerja keras sekali iya buat eback kali ini baik lah besok streaming melon sama mv nya lebih semangat iya
