Label,Raw_tweet,Cleaned_Traditional,Cleaned_GPT,Cleaned_GPT+Traditional
sadness,"Yang menyedihkan lagi ada yang menganggap Via Vallen itu nggak merasa di lecehkan amat, malah mau naik pamor demi mencapai Keviralan dan itu diungkapkan oleh seorang W.A.N.I.T.A Addeh, udah jadi korban, sesama Wanita pula. Padahal normalnya harus saling dukung, saling empati [URL]",yang menyedihkan sedang ada yang menganggap via vallen itu tidak merasa di melecehkan sangat bahkan ingin naik pamor demi mencapai keviralan dan itu diungkapkan oleh seorang saya a dan i t a addeh sudah jadi korban sesama wanita pula padahal normalnya harus saling dukung saling empati,"Yang menyedihkan lagi ada yang menganggap Via Vallen itu tidak merasa dilecehkan amat, malah mau naik pamor demi mencapai keviralan dan itu diungkapkan oleh seorang wanita Aduhh, sudah jadi korban, sesama wanita pula. Padahal normalnya harus saling dukung, saling empati.",yang menyedihkan sedang ada yang menganggap via vallen itu tidak merasa dilecehkan sangat bahkan ingin naik pamor demi mencapai keviralan dan itu diungkapkan oleh seorang wanita aduh sudah jadi korban sesama wanita pula padahal normalnya harus saling dukung saling empati
anger,"Iya nih anjing, manusia pada lebay muak gua liatnya",iya nih anjing manusia pada berlebihan muak saya liat nya,"Iya nih anjing, manusia pada lebay muak gua liatnya",iya nih anjing manusia pada berlebihan muak saya liat nya
anger,samanye udeh maling semua gak si jancok gak si anjing gak si siluman monyet hahahahaha SATU HATI SAMA SAMA MALING !!!!,samanye sudah maling semua tidak sih jancok tidak sih anjing tidak sih siluman monyet haha satu hati sama sama maling,samanya udah maling semua gak si jancok gak si anjing gak si siluman monyet hahahahaha SATU HATI SAMA SAMA MALING !!!!,samanya sudah maling semua tidak sih jancok tidak sih anjing tidak sih siluman monyet haha satu hati sama sama maling
anger,samanye udeh maling semua gak si jancok gak si anjing gak si siluman monyet hahahahaha SATU HATI SAMA SAMA MALING !!!!,samanye sudah maling semua tidak sih jancok tidak sih anjing tidak sih siluman monyet haha satu hati sama sama maling,samanya udah maling semua gak si jancok gak si anjing gak si siluman monyet hahahahaha SATU HATI SAMA SAMA MALING !!!!,samanya sudah maling semua tidak sih jancok tidak sih anjing tidak sih siluman monyet haha satu hati sama sama maling
anger,JILBABER BAJU NATAL NORAK & ANJING2 KALIAN SDH MNYAMBUT DI HOTEL WAHAI INTEL SETAN [USERNAME] [USERNAME] APEP AHMAD TARDIYANA URBANE ANJING !! INI AJA POLA ULAH INTEL BUSUK LO NGIKUTIN ORG KEMNPUN TAEKKKK !! ALAT TEROR BNGSAT LAGI2 KALIAN PASANG DI KAMAR KERJASAMA DGN HOTEL TAEK!,orang berhijab baju natal norak anjing kalian sudah mnyambut di hotel wahai intel setan apep ahmad tardiyana urbane anjing ini saja pola ulah intel busuk kamu mengikuti orang kemana pun taek alat teror bangsat sedang kalian pasang di kamar kerja sama dengan hotel tahi,JILBABER BAJU NATAL NORAK & ANJING-ANJING KALIAN SUDAH MENYAMBUT DI HOTEL WAHAI INTELSETAN [USERNAME] [USERNAME] APEP AHMAD TARDIYANA URBANE ANJING!! INI SAJA POLA ULAH INTEL BUSUK LO NGIKUTIN ORANG KEMANA PUN TAEKKKK!! ALAT TEROR BANGSAT LAGI-LAGI KALIAN PASANG DI KAMAR KERJASAMA DENGAN HOTEL TAEK!,orang berhijab baju natal norak anjing anjing kalian sudah menyambut di hotel wahai intelsetan apep ahmad tardiyana urbane anjing ini saja pola ulah intel busuk kamu mengikuti orang kemana pun taek alat teror bangsat sedang sedang kalian pasang di kamar kerja sama dengan hotel tahi
fear,Smg bsk ud ada pengumuman baik ya Allah amin lancarkanlah segalanya bener2 deh judulnya skrg tuh w dipenuhi ketidak pastian dan penantian huhuhu bener2 dr berbagai aspek bs tenang aja ga si ni idup,semoga besok sudah ada pengumuman baik iya allah amin lancarkan lah segalanya benar benar deh judulnya sekarang tuh saya dipenuhi ketidak pastian dan penantian huhuhu benar benar dari berbagai aspek bisa tenang saja tidak sih ini hidup,"Semoga besok sudah ada pengumuman baik. Ya Allah, amin. Lancarkanlah segalanya benar-benar deh. Judulnya sekarang tuh sudah dipenuhi ketidakpastian dan penantian. Huhuhu, benar-benar dari berbagai aspek bisa tenang aja ga sih ini hidup.",semoga besok sudah ada pengumuman baik iya allah amin lancarkan lah segalanya benar benar deh judulnya sekarang tuh sudah dipenuhi ketidakpastian dan penantian huhuhu benar benar dari berbagai aspek bisa tenang saja tidak sih ini hidup
love,"kalo dokter dipanggilnya ""dok"" - kalo suster dipanggilnya ""sus"" - nah kalo apoteker? ""ap"", ""tek"", ato ""ker"" ?. Iya juga yah, bingung. Aku pribadi sih lbh seneng kamu panggil ""sayang"", it warms ma heart",kalau dokter dipanggilnya dok kalau suster dipanggilnya sus nah kalau apoteker apa tek atau ker iya juga ya bingung saya pribadi sih lebih senang kamu panggil sayang itu hangat sama heart,"kalo dokter dipanggilnya ""dok"" - kalo suster dipanggilnya ""sus"" - nah kalo apoteker? ""apoteker"", ""apotek"", atau ""ker"" ?. Iya juga yah, bingung. Aku pribadi sih lebih senang kamu panggil ""sayang"", it warms my heart",kalau dokter dipanggilnya dok kalau suster dipanggilnya sus nah kalau apoteker apoteker apotek atau ker iya juga ya bingung saya pribadi sih lebih senang kamu panggil sayang itu hangat my heart
happy,Kita semua mengaturkan kesuwun yg se-tinggi2nya kpd pakjokowi n kabinet dgn kinerja yg super bnget utk kemakmuran rakyat,kita semua mengaturkan kesuwun yang se tinggi nya kepada pak jokowi dan kabinet dengan kinerja yang super sangat untuk kemakmuran rakyat,Kita semua mengucapkan terima kasih yang setinggi-tingginya kepada Pak Jokowi dan kabinet dengan kinerja yang sangat baik untuk kemakmuran rakyat.,kita semua mengucapkan terima kasih yang setinggi tingginya kepada pak jokowi dan kabinet dengan kinerja yang sangat baik untuk kemakmuran rakyat
happy,"Berharap suatu saat nanti difilmkan seperti ""The 33"". Judulnya ""The 13"" mungkin. The coach, kids, dan semua orang yg terlibat aksi penyelamatan. Bener2 Faith In Humanity Restored. Terharu. #ThaiCaveRescue [URL]",berharap suatu saat nanti difilmkan seperti the judulnya the mungkin the coach kids dan semua orang yang terlibat aksi penyelamatan benar benar faith ini humanity restored terharu thaicaverescue,"Berharap suatu saat nanti difilmkan seperti ""The 33"". Judulnya ""The 13"" mungkin. The coach, kids, dan semua orang yang terlibat aksi penyelamatan. Benar-benar Faith In Humanity Restored. Terharu. #ThaiCaveRescue [URL]",berharap suatu saat nanti difilmkan seperti the judulnya the mungkin the coach kids dan semua orang yang terlibat aksi penyelamatan benar benar faith ini humanity restored terharu thaicaverescue
happy,"Untuk para sahabat dan guru #pakarkomunikasi neniyulianita dr ani dan teman teman akademisi ""Selamat Milad fikom_unisba ke 35"" semoga lulusan FIKOM UNISBA semakin berkualitas",untuk para sahabat dan guru pakarkomunikasi neniyulianita dari ani dan teman teman akademisi selamat milad fikom_unisba ke semoga lulusan fakultas ilmu komunikasi unisba semakin berkualitas,"Untuk para sahabat dan guru pakar komunikasi Neni Yulianita dari Ani dan teman-teman akademisi ""Selamat Milad FIKOM UNISBA ke 35"" semoga lulusan FIKOM UNISBA semakin berkualitas",untuk para sahabat dan guru pakar komunikasi neni yulianita dari ani dan teman teman akademisi selamat milad fakultas ilmu komunikasi unisba ke semoga lulusan fakultas ilmu komunikasi unisba semakin berkualitas
sadness,"Gegara td malem treak treak gemash ngliat indo kalah 2-1 sm thailand di kandang sendiri, kini tenggorokan minta digaruk -_________- yg nonton td mlm ngacung coba? Kalean tim mana nih?",gegara tadu malam treak treak gemash ngliat indonesia kalah sama thailand di kandang sendiri kini tenggorokan meminta digaruk _________ yang menonton tadu malam ngacung coba kalean tim mana nih,"Gegara tadi malam teriak teriak gemas melihat Indonesia kalah 2-1 sama Thailand di kandang sendiri, kini tenggorokan minta digaruk -_________- yang nonton tadi malam ngacung coba? Kalian tim mana nih?",gegara tadi malam teriak teriak gemas melihat indonesia kalah sama thailand di kandang sendiri kini tenggorokan meminta digaruk _________ yang menonton tadi malam ngacung coba kalian tim mana nih
anger,"Tapi angin2an sih. Kadang ditindak, kadang enggak. Gak konsisten, jd gak fair. Siapa yg merasa gak fair, ya pmlik mbl yg pas parkir di situ, terus ditindak. Kitu sanes...??",tetapi angin an sih kadang ditindak kadang tidak tidak konsisten jadi tidak adil siapa yang merasa tidak adil iya pemilik mbl yang pas parkir di situ terus ditindak kitu sanes,"Tapi angin-anginan sih. Kadang ditindak, kadang tidak. Tidak konsisten, jadi tidak fair. Siapa yang merasa tidak fair, ya pemilik mobil yang pas parkir di situ, terus ditindak. Kitu sanes...??",tetapi angin anginan sih kadang ditindak kadang tidak tidak konsisten jadi tidak adil siapa yang merasa tidak adil iya pemilik mobil yang pas parkir di situ terus ditindak kitu sanes
happy,"Terima kasih yak buat kakak* diJakarta n Surabaya yg udh luangin waktunya buat meetup.. hehehehee , so sekarang saatnya off , sampai ketemu akhir bulan ya di Balikpapan dan Denpasar... GBU all",terima kasih iya buat kakak di jakarta dan surabaya yang sudah meluangkan waktunya buat meetup hehehehee sok sekarang saatnya off sampai ketemu akhir bulan iya di balikpapan dan denpasar tuhan memberkati all,"Terima kasih ya buat kakak di Jakarta dan Surabaya yang sudah meluangkan waktunya untuk meetup.. hehehe , jadi sekarang saatnya pulang , sampai jumpa akhir bulan di Balikpapan dan Denpasar... GBU all",terima kasih iya buat kakak di jakarta dan surabaya yang sudah meluangkan waktunya untuk meetup hehe jadi sekarang saatnya pulang sampai jumpa akhir bulan di balikpapan dan denpasar tuhan memberkati all
anger,"Lagi ngoceh soal artis xx yg di follow masku..ya ngoceh dikit Temen kerja gue komentar ""haha kasian ya lu beli tiket mahal cuma salaman kaga di folbek"" I was like ""-_________-"" Pfftt Males ngobrol ama orang gblk emang",sedang mengoceh soal artis xx yang di follow mas ku iya mengoceh sedikit teman kerja saya komentar tertawa kasihan iya kamu beli tiket mahal cuma salaman kagak di ikuti kembali i was like _________ pfftt malas bicara sama orang goblok memang,"Lagi mengoceh soal artis xx yang di follow masuk.. ya mengoceh sedikit Teman kerja saya komentar ""haha kasian ya kamu beli tiket mahal cuma bersalaman gak di followback"" I was like ""-_________-"" Pfftt Malas ngobrol dengan orang goblok memang",sedang mengoceh soal artis xx yang di follow masuk iya mengoceh sedikit teman kerja saya komentar tertawa kasihan iya kamu beli tiket mahal cuma bersalaman tidak di followback i was like _________ pfftt malas bicara dengan orang goblok memang
sadness,"Yang saya lakukan ketika mikir keras : 1. Mantengin leptop berharap dapat ide. Buntu. 2. Nyetel musik berharap merilekskan otak, biar ada inspirasi. Buntu. 3. Glibag-glibug di kasur, merenung sambil meluk bantal. Kemudian ketiduran.",yang saya lakukan ketika pikir keras mantengin leptop berharap dapat ide buntu setel musik berharap merilekskan otak biar ada inspirasi buntu glibag glibug di kasur merenung sambil memeluk bantal kemudian ketiduran,"Yang saya lakukan ketika mikir keras adalah: 1. Mantengin laptop berharap dapat ide. Buntu. 2. Mendengarkan musik berharap bisa merilekskan otak, biar ada inspirasi. Buntu. 3. Bergelimpangan di kasur, merenung sambil memeluk bantal. Kemudian ketiduran.",yang saya lakukan ketika pikir keras adalah mantengin laptop berharap dapat ide buntu mendengarkan musik berharap bisa merilekskan otak biar ada inspirasi buntu bergelimpangan di kasur merenung sambil memeluk bantal kemudian ketiduran
anger,sama'y sudah g ush ganti ganti saja kali ya menyiksa batin sangat axis disini,samanye sudah maling semua tidak sih jancok tidak sih anjing tidak sih siluman monyet haha satu hati sama sama maling,"Sama'nya sudah jangan ganti-ganti saja kali ya, menyiksa batin sangat. Axis disini.",sama nya sudah jangan ganti ganti saja kali iya menyiksa batin sangat axis disini
anger,sama'y sudah g ush ganti ganti saja kali ya menyiksa batin sangat axis disini,samanye sudah maling semua tidak sih jancok tidak sih anjing tidak sih siluman monyet haha satu hati sama sama maling,"Sama'nya sudah jangan ganti-ganti saja kali ya, menyiksa batin sangat. Axis disini.",sama nya sudah jangan ganti ganti saja kali iya menyiksa batin sangat axis disini
happy,oke (y) cek fav ka :),oke ya cek favorit kak,"Oke (ya), cek favorit kak :)",oke iya cek favorit kakak
sadness,Ingat saat kalian bergabung dengan Twitter? Saya ingat! dari smp entahlah sampai sekarang. dari yg pertama rame sekali twitter sampai hampa gt. tl sepe bgt hufth..kek hati saya gt. *eaaaaa hahahaha #HariJadiTwitterSaya [URL],ingat saat kalian bergabung dengan twitter saya ingat dari Sekolah Menengah Pertama entahlah sampai sekarang dari yang pertama ramai sekali twitter sampai hampa begitu tl sepi sangat hufth kayak hati saya begitu eaa hahahaha harijaditwittersaya,"Ingat saat kalian bergabung dengan Twitter? Saya ingat! dari SMP entahlah sampai sekarang, dari yang pertama ramai sekali Twitter sampai hampa gitu. TL sepi banget huft... kayak hati saya gitu. *eaaaaa hahahaha #HariJadiTwitterSaya [URL]",ingat saat kalian bergabung dengan twitter saya ingat dari Sekolah Menengah Pertama entahlah sampai sekarang dari yang pertama ramai sekali twitter sampai hampa begitu tl sepi sekali mengeluh mirip hati saya begitu eaa hahahaha harijaditwittersaya
anger,kamu yang alay yah -_- kamu sih 4lay ih akoh molo sih seble :]x bagaikan menyiram luka pakai air,kamu yang norak ya _ kamu sih lay ih saya molo sih sebal x bagaikan menyiram luka pakai air,"Kamu yang alay, ya -_- Kamu itu alay banget, aku malah jadi sebel deh. Bagaikan menyiram luka dengan air.",kamu yang norak iya _ kamu itu norak banget saya bahkan jadi kesal deh bagaikan menyiram luka dengan air
happy,"sebenernya awal gua naksir yg coklat, tp wkt itu stock kosong T^T krn w kepo parah ama sound ini headphone dan keinginan untuk memiliki sudah terlalu kuat! jadinya beli yg ada stocknya aja.. akhirnya w berjodoh dengan ""STEEL""",sebenarnya awal saya menaksir yang coklat tetapi waktu itu stock kosong t t karena saya ingin tahu parah sama sound ini headphone dan keinginan untuk memiliki sudah terlalu kuat jadinya beli yang ada stocknya aja akhirnya saya berjodoh dengan baja,"Sebenernya awal saya naksir yang coklat, tapi waktu itu stock kosong karena saya kepo parah ama sound ini headphone dan keinginan untuk memiliki sudah terlalu kuat! Jadinya beli yang ada stocknya saja.. akhirnya saya berjodoh dengan ""STEEL""",sebenarnya awal saya menaksir yang coklat tetapi waktu itu stock kosong karena saya ingin tahu parah sama sound ini headphone dan keinginan untuk memiliki sudah terlalu kuat jadinya beli yang ada stocknya saja akhirnya saya berjodoh dengan baja
fear,"Berat badanku 77kg, aku minder, aku takut di bully, aku takut mereka yg bilang cantik itu langsing bukan C A N T I K Aku juga takut dibilang ""Gapura Kecamatan"" #janganbullyaku [URL]",berat badanku kilogram saya minder saya takut di rundung saya takut mereka yang bilang cantik itu langsing bukan sih a dan t i ke saya juga takut dibilang gapura kecamatan janganbullyaku,"Berat badanku 77 kg, aku minder, aku takut di bully, aku takut mereka yang bilang cantik itu langsing bukan CANTIK. Aku juga takut dibilang ""Gapura Kecamatan"" #janganbullyaku",berat badanku kilogram saya minder saya takut di rundung saya takut mereka yang bilang cantik itu langsing bukan cantik saya juga takut dibilang gapura kecamatan janganbullyaku
sadness,"(c.) jalan tol. Ia sungguh sedih mengingat kejadian-kejadian di kehidupannya. Tak kuat menahan sedih, dirinya mencoba mengakhiri hidupnya sambil menatap bayi Aurora yang tengah terlelap dan tersenyum. Tak kuasa melihat malaikat kecilnya yang begitu cantik mengurungkan niatnya (c",sih jalan tol ia sungguh sedih mengingat kejadian kejadian di kehidupannya tidak kuat menahan sedih dirinya mencoba mengakhiri hidupnya sambil menatap bayi aurora yang tengah terlelap dan tersenyum tidak kuasa melihat malaikat kecil nya yang begitu cantik mengurungkan niatnya sih,"Jalan tol. Ia sungguh sedih mengingat kejadian-kejadian di kehidupannya. Tak kuat menahan sedih, dirinya mencoba mengakhiri hidupnya sambil menatap bayi Aurora yang tengah terlelap dan tersenyum. Tak kuasa melihat malaikat kecilnya yang begitu cantik mengurungkan niatnya.",jalan tol ia sungguh sedih mengingat kejadian kejadian di kehidupannya tidak kuat menahan sedih dirinya mencoba mengakhiri hidupnya sambil menatap bayi aurora yang tengah terlelap dan tersenyum tidak kuasa melihat malaikat kecil nya yang begitu cantik mengurungkan niatnya
anger,"Ya gue tau sih, bukan grup kita yg digituin. Tapi sesama cewek, terus dibilang bahan gituan.... masih bisa terima? Dia jelas2 public figure, dan ngomong dengan enaknya di video bahan c**i? Gue ngetik aja ga nyaman. Wah gue lisa digituin aja gue semarah ini, gimana bangtan? -.-",iya saya tahu sih bukan grup kita yang diperlakukan seperti itu tetapi sesama cewek terus dibilang bahan begituan masih bisa terima dia jelas public figure dan bicara dengan enaknya di video bahan sih i saya ketik saja tidak nyaman wah saya lisa diperlakukan seperti itu saja saya semarah ini bagaimana bangtan,"Ya saya tahu sih, bukan grup kita yang digituin. Tapi sesama cewek, terus dibilang bahan gituan.... masih bisa terima? Dia jelas-jelas public figure, dan ngomong dengan enaknya di video bahan coli? Saya ngetik saja tidak nyaman. Wah saya Lisa digituin saja saya se marah ini, gimana Bangtan? -.-",iya saya tahu sih bukan grup kita yang diperlakukan seperti itu tetapi sesama cewek terus dibilang bahan begituan masih bisa terima dia jelas jelas public figure dan bicara dengan enaknya di video bahan coli saya ketik saja tidak nyaman wah saya lisa diperlakukan seperti itu saja saya se marah ini bagaimana bangtan
fear,"ketika idung nyium bau bau gaenak lalu temen yg rumahnya lumayan jauh ngechat di wa ""kalian nyium bau gas ga ?"" NJIRRR IYA INI BAU GAS  INI BUKAN GAS BERACUN KAN HUH ? KO JADI PARNO SIH",timbang timbang anakku sayang buah hati ku sepajang jalan siang malan aku selalu berdoa semoga kelak kamu bahagia selalu hari anak nasional,"Ketika hidung mencium bau tidak enak lalu teman yang rumahnya lumayan jauh mengirim pesan di WhatsApp ""kalian mencium bau gas ga?"" NJIRRR IYA INI BAU GAS INI BUKAN GAS BERACUN KAN HUH? KENAPA JADI PARANOID SIH",ketika hidung mencium bau tidak enak lalu teman yang rumahnya lumayan jauh mengirim pesan di whatsapp kalian mencium bau gas tidak nji iya ini bau gas ini bukan gas beracun kan apa kenapa jadi takut sih
fear,"/rlt guys aku mau nanya. Aku bingung, aku ketrima u'p'n vj sama un air. Aku suka jurusan yg di u pn tp aku anak daerah, agak takut di jkt. Dan yg un air uda dibayar. Mohon sarannya.",rlt teman-teman saya ingin bertanya saya bingung saya diterima u p dan veteran jakarta sama un air saya suka jurusan yang di kamu pn tetapi saya anak daerah agak takut di jakarta dan yang un air sudah dibayar mohon sarannya,"Guys aku mau bertanya. Aku bingung, aku diterima upnvj sama universitas negeri. Aku suka jurusan yang di upn tp aku anak daerah, agak takut di Jakarta. Dan yang universitas negeri sudah dibayar. Mohon sarannya.",teman-teman saya ingin bertanya saya bingung saya diterima upnvj sama universitas negeri saya suka jurusan yang di Universitas Pembangunan Nasional tetapi saya anak daerah agak takut di jakarta dan yang universitas negeri sudah dibayar mohon sarannya
anger,"heii..hey km para kaum adam hr gini msih mau aj Trnsfer""/ DP""sedihh kan klw di block stelah Tf...mk ny yg Real"" aja klw mw ktmuan sma kaum hawa...hihiiihii",hai hey kamu para kaum adam hari begini masih ingin saja trnsfer uang muka sedih kan kalau di block setelah tf maka nya yang real saja kalau ingin ktmuan sama kaum hawa hihhii,"Hei, hey kamu para kaum Adam hari ini masih mau aja transfer atau DP sedih kan kalau diblock setelah transfer. Mungkin yang real aja kalau mau ketemuan sama kaum hawa. hehehe",hei hey kamu para kaum adam hari ini masih ingin saja transfer atau uang muka sedih kan kalau diblock setelah transfer mungkin yang real saja kalau ingin bertemu sama kaum hawa hehe
anger,dia ! emang'a apa kya a tahu ! masalah'a sih sepele tapi bisa bikin saya ngedown,dia memang a apa kaya a tahu masalah a sih sepele tetapi bisa buat saya ngedown,"Dia! Emangnya apa ya, kayaknya tau! Masalahnya sih sepele tapi bisa bikin saya down.",dia memangnya apa iya kayaknya tahu masalahnya sih sepele tetapi bisa buat saya down
anger,Hey kamuuhhh!! semoga qt dijauhkan dari keputusan yang bodoh ituu Selamat menjalankan ibadah puasa juga budiirrr@olfi_opi,hey kamuu semoga kita dijauhkan dari keputusan yang bodoh itu selamat menjalankan ibadah puasa juga budii,Hey kamu! Semoga kita dijauhkan dari keputusan yang bodoh itu. Selamat menjalankan ibadah puasa juga. @olfi_op,hey kamu semoga kita dijauhkan dari keputusan yang bodoh itu selamat menjalankan ibadah puasa juga
love,"Tadi Siang,Aku Mimpi Bang Tomi.Di Mimpi Itu Aku dan Bang Tomi Kelihatan Akrab...bngt.Sampe,Bang Tomi Ngerangkul Pundak Aku Erat...bngt.Apa,ya...Arti Mimpi itu...???",tadi siang aku mimpi bang tomi di mimpi itu saya dan bang tomi kelihatan akrab banget sampai bang tomi ngerangkul pundak saya erat banget apa iya arti mimpi itu,"Tadi siang, aku mimpi Bang Tomi. Di mimpi itu aku dan Bang Tomi kelihatan akrab banget. Sampe, Bang Tomi merangkul pundak aku erat banget. Apa, ya...Arti mimpi itu...?",tadi siang saya mimpi bang tomi di mimpi itu saya dan bang tomi kelihatan akrab banget sampai bang tomi merangkul pundak saya erat banget apa iya arti mimpi itu
happy,"Inget tebak tebakan dulu: Budi: ikan, ikan apa yang bentuknya segitiga? Aisyah: Ikan Sepat Budi: kurang tepat ayy Aisyah: trus apa dong! *Mendesak penasaran Budi: Iiikancut luuu.. Nb: Seketika hening, 5 detik kemudian tertawa malu. Wkwkwkwk #recehkantwitter",ingat tebak tebakan dulu budi ikan ikan apa yang bentuknya segitiga aisyah ikan sepat budi kurang tepat sayang aisyah terus apa dong mendesak penasaran budi kancut l nb seketika hening detik kemudian tertawa malu wkwkwkwk recehkan twitter,"Inget tebak tebakan dulu: Budi: ikan, ikan apa yang bentuknya segitiga? Aisyah: Ikan Sepat Budi: kurang tepat ayy Aisyah: trus apa dong! *Mendesak penasaran Budi: ikancutlu.. Nb: Seketika hening, 5 detik kemudian tertawa malu. Wkwkwkwk #recehkantwitter",ingat tebak tebakan dulu budi ikan ikan apa yang bentuknya segitiga aisyah ikan sepat budi kurang tepat sayang aisyah terus apa dong mendesak penasaran budi ikancutlu nb seketika hening detik kemudian tertawa malu wkwkwkwk recehkan twitter
fear,"+ Oleh paman nya kemarin. Namun tiba tiba ada seorang pria paruh baya datang menghampiri nya sambil membawa sebuah papan nama bertuliskan namanya. ""Ini mas jefry?"" Tanya nya dengan agak sedikit ragu karena sepertinya dia takut salah mengira orang +",oleh paman nya kemarin namun tiba tiba ada seorang pria paruh baya datang menghampiri nya sambil membawa satu buah papan nama bertuliskan namanya ini mas jefry tanya nya dengan agak sedikit ragu karena sepertinya dia takut salah mengira orang,"Oleh paman nya kemarin. Namun tiba-tiba ada seorang pria paruh baya datang menghampiri nya sambil membawa sebuah papan nama bertuliskan namanya. ""Ini Mas Jefry?"" Tanya nya dengan agak sedikit ragu karena sepertinya dia takut salah mengira orang.",oleh paman nya kemarin namun tiba tiba ada seorang pria paruh baya datang menghampiri nya sambil membawa satu buah papan nama bertuliskan namanya ini mas jefry tanya nya dengan agak sedikit ragu karena sepertinya dia takut salah mengira orang
anger,"[USERNAME] .... Harga sepatu saja 13,6 jt.... Gimana mau bicara rakyat miskin.....?? Harga sepatu 13, 6 jt. Itu = 6 x rata2 UMR /bln Rakyat ..... Masih mau ngomong kemiskinan Rakyat....??",harga sepatu saja juta bagaimana ingin bicara rakyat miskin harga sepatu juta itu x rata upah minimum regional bulan rakyat masih ingin bicara kemiskinan rakyat,"[USERNAME], harga sepatu saja 13,6 juta. Bagaimana mau bicara soal rakyat miskin? Harga sepatu 13,6 juta itu sama dengan enam kali rata-rata UMR per bulan rakyat. Masih mau membahas kemiskinan rakyat?",harga sepatu saja juta bagaimana ingin bicara soal rakyat miskin harga sepatu juta itu sama dengan enam kali rata rata upah minimum regional per bulan rakyat masih ingin membahas kemiskinan rakyat
anger,#CalonPenghuniNeraka INI SERIUS Buat elu semua para player troll player toxic player noob terutama di game vainglory Elu gak gue maafin. Jancok Neraka bangsaaaaat,calon penghuni neraka ini serius buat lu semua para player memancing kemarahan player toxic player cupu terutama di game vainglory lu tidak saya memaafi jancok neraka bangsaat,"#CalonPenghuniNeraka INI SERIUS Buat kalian semua para pemain troll, pemain toxic, pemain noob terutama di game vainglory Kalian tidak akan aku maafkan. Jancok, Neraka bangsat!",calon penghuni neraka ini serius buat kalian semua para pemain memancing kemarahan pemain toxic pemain cupu terutama di game vainglory kalian tidak akan saya maafkan jancok neraka bangsat
happy,"LoveLaws - TT (2018) Gak paham gue sama mbak gitaris Warpaint satu ini, keren banget. Gue denger album ini kayak exposing her romantic side nya gitu tp jir berhasil banget, vibe nya fierce tp vurnerable + seducing at the same time. W paling suka lagu Love Leaks sm I've Been Fine [URL]",lovelaws tt tidak paham saya sama mbak gitaris warpaint satu ini keren banget saya dengar album ini mirip exposing dia romantic samping nya begitu tetapi anjing berhasil banget atmosfer nya fierce tetapi rentan menggoda at the sama time saya paling suka lagu cinta leaks sama i ve sudah fine,"LoveLaws - TT (2018) Gak paham gue sama mbak gitaris Warpaint satu ini, keren banget. Gue denger album ini kayak exposing her romantic side-nya gitu tapi jir berhasil banget, vibe-nya fierce tapi vulnerable dan seducing at the same time. W paling suka lagu Love Leaks sama I've Been Fine [URL]",lovelaws tt tidak paham saya sama mbak gitaris warpaint satu ini keren banget saya dengar album ini mirip exposing dia romantic samping nya begitu tetapi anjing berhasil banget atmosfer nya fierce tetapi vulnerable dan menggoda at the sama time saya paling suka lagu cinta leaks sama i ve sudah fine
happy,Dulu kaya hampir setengah jam atau 2*x sesi jelasin org korea kata *Cie*...sampe pake di dramain biat pd nyambung... Akhirnya baru pd ngerti dan nemu padanan kata ke korea.. trus skrg gw yg lupa bhs koreanya cie apa hahahhaa [URL],dulu kayak hampir setengah jam atau x sesi jelasin orang korea kata cie sampai pakai di dramain agar pada menyambung akhirnya baru pada mengerti dan temu padanan kata ke korea terus sekarang saya yang lupa bahas koreanya cie apa tertawa,"Dulu kaya hampir setengah jam atau dua kali sesi jelasin orang Korea kata ""Cie"" ... sampai pake di drama biar pada nyambung ... Akhirnya baru pada ngerti dan nemu padanan kata ke Korea .. trus sekarang gw yang lupa bahasa Koreanya cie apa hahahhaa [URL]",dulu kayak hampir setengah jam atau dua kali sesi jelasin orang korea kata cie sampai pakai di drama biar pada menyambung akhirnya baru pada mengerti dan temu padanan kata ke korea terus sekarang saya yang lupa bahasa koreanya cie apa tertawa
fear,punya kebiasaan kekamar mandi tengah malem berhubung kamarmandinya lagi dibenerin jadi pake kamarmandi tempat lain tapi kamarmandinya serem I'm scared &gt&,punya kebiasaan ke kamar mandi tengah malam berhubung kamarmandinya sedang dibenarkan jadi pakai kamarmandi tempat lain tetapi kamarmandinya seram i sama takut begitu,"Punya kebiasaan ke kamar mandi tengah malam berhubung kamar mandinya lagi diperbaiki jadi pakai kamar mandi tempat lain tapi kamar mandinya serem, I'm scared ðŸ˜¨",punya kebiasaan ke kamar mandi tengah malam berhubung kamar mandinya sedang diperbaiki jadi pakai kamar mandi tempat lain tetapi kamar mandinya seram i sama takut
anger,"ELING GA SIH NIH 3????!!!!!! BIASANYA SECEPAT KILAT, SKRG LAMBAT BGT INSTAGRAM GA KE REFRESH SAMA SEKALI TWITTER JUGA SAMA!!!!!!!!!!! GIMANA NIH? BOSEN NANYAIN NOMOR MULU TAPI UDAH 5 HARI SELAMBAT INI [USERNAME]",eling tidak sih nih biasanya secepat kilat sekarang lambat sangat instagram tidak ke refresh sama sekali twitter juga sama bagaimana nih bosan menanyakan nomor terus tetapi sudah hari selambat ini,"ELING GA SIH NIH 3????!!!!!! BIASANYA SECEPAT KILAT, SEKARANG LAMBAT BANGET INSTAGRAM GAKE REFRESH SAMA SEKALI TWITTER JUGA SAMA!!!!!!!!!!! GIMANA NIH? BOSAN NANYAIN NOMOR MULU TAPI UDAH 5 HARI SE LAMBAT INI.",eling tidak sih nih biasanya secepat kilat sekarang lambat sekali instagram gake refresh sama sekali twitter juga sama bagaimana nih bosan menanyakan nomor terus tetapi sudah hari se lambat ini
fear,[USERNAME] demi apapun w takut ama ntu hewan. trauma pernah digigit dan w abis itu ke rumah sakit gegara keracunan. padahal digigit sama yang kecil masih anaknya gitu tapi buset dah w langsung pusing lemes. jadi ampe sekarang kalau ngeliat ini hewan langsu,demi apa pun saya takut sama itu hewan trauma pernah digigit dan saya habis itu ke rumah sakit gegara keracunan padahal digigit sama yang kecil masih anaknya begitu tetapi buset sudah saya langsung pusing lemas jadi sampai sekarang kalau melihat ini hewan langsung,Demi apapun aku takut akan hewan itu. Trauma pernah digigit dan aku abis itu ke rumah sakit gegara keracunan. Padahal digigit sama yang kecil masih anaknya gitu tapi buset dah aku langsung pusing lemes.,demi apa pun saya takut akan hewan itu trauma pernah digigit dan saya habis itu ke rumah sakit gegara keracunan padahal digigit sama yang kecil masih anaknya begitu tetapi buset sudah saya langsung pusing lemas
love,":: meski aku golput.. tp salut [USERNAME] .. ia satu2nya presiden #RakyatIndonesia yg bisa menangis di depan publik... :: memang tak sedikit lawan2 politiknya.. mngcap dia sombong.. :: tapi, nyatanya, ia menangis.. :: :: #SaveNKRI [URL]",meski saya golongan putih tetapi salut ia satu nya presiden rakyatindonesia yang bisa menangis di depan publik memang tidak sedikit lawan politiknya mengecap dia sombong tetapi nyatanya ia menangis savenkri,"Meski aku golput, tapi salut [@USERNAME] ... ia satu-satunya presiden #RakyatIndonesia yang bisa menangis di depan publik... Memang tak sedikit lawan politiknya menilainya sombong... Tapi, nyatanya, ia menangis... #SaveNKRI [URL]",meski saya golongan putih tetapi salut ia satu satu nya presiden rakyatindonesia yang bisa menangis di depan publik memang tidak sedikit lawan politiknya menilainya sombong tetapi nyatanya ia menangis savenkri
anger,bacot parah galak kalau udah marah jan mau deh dimarahin lex. caca aja kapokgabisa dibohongin kalau ttg cinta tp knpa ttg lainnya lu bege ya susah beud disuruh tidur atau makan my human diary yang kita dkt gatau grgr,banyak bicara parah galak kalau sudah marah jangan ingin deh dimarahi lex caca saja kapok gabisa dibohongin kalau tentang cinta tetapi kenapa tentang lainnya kamu bege iya susah banget disuruh tidur atau makan my manusia diary yang kita dekat tidak tahu gara gara,"Bacotnya parah, galak banget kalau sudah marah. Nggak mau deh dimarahin lagi sama Lex. Caca aja kapok. Nggak bisa dibohongi soal cinta, tapi kenapa soal yang lain kamu bandel banget, ya? Susah banget disuruh tidur atau makan. My human diary, kita dekat tapi nggak tahu kenapa begini",bacotnya parah galak sekali kalau sudah marah tidak ingin deh dimarahi sedang sama lex caca saja kapok tidak bisa dibohongi soal cinta tetapi kenapa soal yang lain kamu bandel banget iya susah sekali disuruh tidur atau makan my manusia diary kita dekat tetapi tidak tahu kenapa begini
fear,"[USERNAME] nyabutnya santae aja pake jari asal jgn kena kuku. beli softlennya yg emg bagus dan jelas. dulu ku pernah beli soflen di tmn cuma yg warna22an gt biasanya item. terus lg gangapa22in ujug22 gatel perih etaunya robek :,( untung cepet22 dikeluari",nyabutnya santae saja pakai jari asal jangan kena kuku beli softlennya yang memang bagus dan jelas dulu aku pernah beli softlense di teman cuma yang warna an begitu biasanya hitam terus sedang gangapa ini ujug gatal perih etaunya robek untung cepat dikeluari,@[USERNAME] nyabutnya santai saja pakai jari asal jangan kena kuku. beli softlens yang memang bagus dan jelas. dulu ku pernah beli softlens di teman cuma yang warna-warni gitu biasanya item. terus lagi gangapain itu ujung-ujungnya gatel perih ketahuan robek :( untung cepat-cepat dikeluarkan,nyabutnya santai saja pakai jari asal jangan kena kuku beli softlens yang memang bagus dan jelas dulu aku pernah beli softlens di teman cuma yang warna warni begitu biasanya hitam terus sedang tidak berbuat apa-apa itu ujung ujungnya gatal perih ketahuan robek untung cepat cepat di keluar kan
fear,Hanya mampu retweet bagi peminat cerita seram tengok je lah. Saya penakut. Kalau tengok kat wayang ni dengar suara aku sorang je menjerit walaupun tutup mata,hanya mampu retweet bagi peminat cerita seram tengok je lah saya penakut kalau tengok kat wayang ini dengar suara saya seorang je menjerit walaupun tutup mata,Hanya mampu retweet bagi peminat cerita seram tengok saja. Saya penakut. Kalau tengok di wayang ini dengar suara aku sorang saja menjerit walaupun tutup mata,hanya mampu retweet bagi peminat cerita seram tengok saja saya penakut kalau tengok di wayang ini dengar suara saya seorang saja menjerit walaupun tutup mata
love,"Haha, tiap hari juga kamu selalu terpesona dan semakin terpesona sama aku kkk~",tertawa tiap hari juga kamu selalu terpesona dan semakin terpesona sama saya ,"Haha, setiap hari juga kamu selalu terpesona dan semakin terpesona sama aku hehe",tertawa setiap hari juga kamu selalu terpesona dan semakin terpesona sama saya he
fear,Apa yang akan kamu lakukan jika ada singa masuk ke rumahmu? nyuruh singanya makan kau. biar mati kenak makan singa. uh ngeri ya off anonla m h e h e,apa yang akan kamu lakukan jika ada singa masuk ke rumahmu Suruh singa nya makan kau biar mati kenak makan singa uh negeri iya off anonla sama h e h e,"Apa yang akan kamu lakukan jika ada singa masuk ke rumahmu? Menyuruh singanya makan kamu, biar mati kenak makan singa. Uh, ngeri ya...",apa yang akan kamu lakukan jika ada singa masuk ke rumahmu menyuruh singa nya makan kamu biar mati kenak makan singa uh negeri iya
love,"Kalo udah sayang beneran itu mau dihadapkan sama cowok yang lebih tajir +++, ganteng +++, pinter +++, serba +++, dll itu pasti bakalan tetep ga mau berpindah",kalau sudah sayang benar itu ingin dihadapkan sama cowok yang lebih kaya ganteng pintar serba dan lain itu pasti akan tetap tidak ingin berpindah,"Kalau sudah sayang benaran itu mau dihadapkan sama cowok yang lebih tajir, ganteng, pinter, serba positif, dan lain-lain itu pasti bakalan tetap tidak mau berpindah",kalau sudah sayang benaran itu ingin dihadapkan sama cowok yang lebih kaya ganteng pintar serba positif dan lain lain itu pasti akan tetap tidak ingin berpindah
fear,"[USERNAME] Lagi main di rumah temen tuh. Pas pipis liat cd udah merah gitu. Langsung izin pulang bilangnya mendadak sakit Pas sampe rumah bilang, ""itu""kakak berdarah mah. Takut. Soalnya emang pas main jatuh. Pas diliat dibilang mens. Hue besoknya pe",sedang main di rumah teman tuh pas kencing lihat cd sudah merah begitu langsung izin pulang katanya mendadak sakit pas sampai rumah bilang itu kakak berdarah mah takut sebab memang pas main jatuh pas dilihat dibilang mens hue besoknya pe,"[USERNAME] Lagi main di rumah temen tuh. Pas pipis, lihat celana dalam udah merah gitu. Langsung izin pulang, bilangnya mendadak sakit. Pas sampai rumah bilang, 'Itu, Kak, berdarah, mah. Takut.' Soalnya emang pas main jatuh. Pas dilihat, dibilang mens. Huh, besoknya pusing.",sedang main di rumah teman tuh pas kencing lihat celana dalam sudah merah begitu langsung izin pulang katanya mendadak sakit pas sampai rumah bilang itu kakak berdarah mah takut sebab memang pas main jatuh pas dilihat dibilang mens apa besoknya pusing
love,SATU LAGI KALIAN DUA AKUN BASE YANG PALING AKU SAYANG. YANG PALING BISA MENGINGATKAN SATU SAMA LAIN. DAN MAKASIH BANYAK BUAT ADMIN2NYAAA ILY ILY ILY I PURPLE YOU! [USERNAME] [USERNAME] [USERNAME],satu sedang kalian dua akun base yang paling saya sayang yang paling bisa mengingatkan satu sama lain dan makasih banyak buat admin ny saya cinta kamu saya cinta kamu saya cinta kamu i purple kamu,SATU LAGI KALIAN DUA AKUN BASE YANG PALING AKU SAYANG. YANG PALING BISA MENGINGATKAN SATU SAMA LAIN. DAN MAKASIH BANYAK BUAT ADMIN-ADMINNYA I LOVE YOU I LOVE YOU I LOVE YOU I PURPLE YOU!,satu sedang kalian dua akun base yang paling saya sayang yang paling bisa mengingatkan satu sama lain dan makasih banyak buat admin adminnya i cinta kamu i cinta kamu i cinta kamu i purple kamu
fear,[USERNAME] libur tapi ini tugas dikumpulin senin aq takut kalo tida selesai p.s sekali lagi ngirim foto yoongi yang macem gituan AQ BLOCK p.s.s SAME ENERGY WITH THIS PICT DJKDDJDLDL [URL],libur tetapi ini tugas dikumpulin senin saya takut kalau tidak selesai p si sekali sedang mengirim foto yoongi yang macam begitu saya block p si si sama energy dengan this pict djkddjdldl,"Libur, tapi ini tugas dikumpulin Senin, aku takut kalau nggak selesai. Sekali lagi ngirim foto Yoongi yang macem gituan, AKU BLOKIR. P.S.S. SAME ENERGY WITH THIS PICTURE.",libur tetapi ini tugas dikumpulin senin saya takut kalau tidak selesai sekali sedang mengirim foto yoongi yang macam begituan saya blokir p si si sama energy dengan this foto
anger,"[USERNAME] [USERNAME] bisa juga dengan sepatah awalan di depan kalimat: ""makanya.........."" ""Kan udah gue bilang......."" ""Ngotot sih dikasih tau......"" ""Pala batu sih....."" Et cetera~",bisa juga dengan sepatah awalan di depan kalimat makanya kan sudah saya bilang keras kepala sih dikasih tahu kepala batu sih et cetera,"[USERNAME] [USERNAME] bisa juga dengan sepatah awalan di depan kalimat: ""makanya.........."" ""Kan udah gue bilang......."" ""Ngotot sih dikasih tau......"" ""Pala batu sih....."" Et cetera ~",bisa juga dengan sepatah awalan di depan kalimat makanya kan sudah saya bilang keras kepala sih dikasih tahu kepala batu sih et cetera
sadness,"*Ngbrol masalah gaji* Atasan aing : waktu itu gmna sih ndre detail gajimu? Yg di jelasin pak **** Aing: gatau pak, saya nanyain gaji aja malah di marahin Atasan aing:....... Aing:......... SAVAGE *langsung ada backsound mobile legend",ngbrol masalah gaji atasan saya waktu itu bagaimana sih ndre detail gajimu yang di jelasin pak saya tidak tahu pak saya menanyakan gaji saja bahkan di marahin atasan saya saya savage langsung ada backsound mobile legend,"""Ngebrol masalah gaji. Atasan saya: waktu itu gimana sih ndre detail gajimu? Yang dijelasin pak ****. Saya: gatau pak, saya nanyain gaji aja malah dimarahin. Atasan saya:....... Saya:....... SAVAGE *langsung ada backsound Mobile Legend.""",ngebrol masalah gaji atasan saya waktu itu bagaimana sih ndre detail gajimu yang dijelasin pak saya tidak tahu pak saya menanyakan gaji saja bahkan dimarahi atasan saya saya savage langsung ada backsound mobile legend
sadness,"Gue pun juga ngatain sesama perempuan, memutus rantai akan julit emang susah owislah~~ ibarate sego uwis dadi bubur~ flying money money",saya pun juga mengutuk sesama perempuan memutus rantai akan iri memang susah owislah ibarat nya sego uwis dadi bubur flying money money,"Aku pun juga mengatakan sesama perempuan, memutus rantai akan julit memang susah. ibarat sego sudah jadi bubur. flying money money",saya pun juga mengatakan sesama perempuan memutus rantai akan iri memang susah ibarat sego sudah jadi bubur flying money money
anger,"Kasus via Vallen, itu juga sering terjadi kok, dari yang gue kenal orang nya sampai gk gue kenal orang nya, sering bertebaran gambar t*t*t di DM gue , messenger, WA lah yg gue lakukan block, block or report akun nya, kelar",kasus via vallen itu juga sering terjadi kok dari yang saya kenal orang nya sampai tidak saya kenal orang nya sering bertebaran gambar t t t di pesan langsung saya messenger saya lah yang saya lakukan block block atau laporan akun nya selesai,"Kasus Via Vallen, itu juga sering terjadi kok, dari yang gua kenal orangnya sampai enggak gua kenal orangnya, sering bertebaran gambar t*t*t di Direct Message gua, messenger, WhatsApp lah yang gua lakukan block, block or report akunnya, kelar",kasus via vallen itu juga sering terjadi kok dari yang saya kenal orangnya sampai tidak saya kenal orangnya sering bertebaran gambar t t t di direct message saya messenger whatsapp lah yang saya lakukan block block atau laporan akunnya selesai
fear,aku takut dngn smua bnda.. ap y bkl trjadi ap y tgh tjadi kat sekeliling aku.. aku takut dngn diri sndiri.. hate this feeling.. just wanna die rn.. fml,saya takut dengan semua benda apa ya bakal terjadi apa ya tengah tjadi kat sekeliling aku saya takut dengan diri sendiri benci this feeling hanya ingin mati rn fml,aku takut dengan semua benda.. apa yang bakal terjadi apa yang tengah berlaku di sekeliling aku.. aku takut dengan diri sendiri.. hate this feeling.. just wanna die right now.. family,saya takut dengan semua benda apa yang bakal terjadi apa yang tengah berlaku di sekeliling aku saya takut dengan diri sendiri benci this feeling hanya ingin mati right now keluarga
anger,"[USERNAME] [USERNAME] [USERNAME] Dan lebihnya speak up itu dikatain lebay, cari sensasi dsb Mereka ga mikir, kalo mau speak up itu butuh keberanian, karna sebenernya pelecehan itu aib tp kalo ga speak up itu orang jg ga bakal jera, ga ngerasa mal",dan lebihnya berbicara up itu di katain berlebihan cari sensasi dan sebagainya mereka tidak pikir kalau ingin berbicara up itu butuh keberanian karena sebenarnya pelecehan itu aib tetapi kalau tidak berbicara up itu orang juga tidak bakal jera tidak merasa mal,"[USERNAME] [USERNAME] [USERNAME] Dan lebihnya speak up itu dikatain lebay, cari sensasi dan lain sebagainya. Mereka tidak mikir, kalau mau speak up itu butuh keberanian, karena sebenarnya pelecehan itu aib tapi kalau tidak speak up itu orang juga tidak bakal jera, tidak merasa mal",dan lebihnya berbicara up itu di katain berlebihan cari sensasi dan lain sebagainya mereka tidak pikir kalau ingin berbicara up itu butuh keberanian karena sebenarnya pelecehan itu aib tetapi kalau tidak berbicara up itu orang juga tidak bakal jera tidak merasa mal
love,"[USERNAME] HYUNMIN DOOONG!! MEREKA ITU RACUN BANGET KE GUEEE! KAPAL YANG PALING TULUS, KAPAL YANG PALING ROMANTIS BAGI GUE, MOMENT KECIL YANG MEREKA BUAT AJA UDAH BIKIN GONJANG-GANJING BODO AMAT DISINDIR SINDIR KAPAL LAIN WQWQWQ~ GUE SAYANG KAPAL INI T",hyunmin dng mereka itu racun sekali ke gu kapal yang paling tulus kapal yang paling romantis bagi saya momen kecil yang mereka buat saja sudah buat gonjang ganjing bodo sangat disindir sindir kapal lain wqwqwq saya sayang kapal ini t,"HYUNMIN DONG!! MEREKA ITU RACUN BANGET KE GUE! KAPAL YANG PALING TULUS, KAPAL YANG PALING ROMANTIS BAGI GUE, MOMENT KECIL YANG MEREKA BUAT AJA UDAH BIKIN GONJANG-GANJING BODO AMAT DISINDIR-SINDIR KAPAL LAIN WQWQWQ~ GUE SAYANG KAPAL INI T",hyunmin dong mereka itu racun sekali ke saya kapal yang paling tulus kapal yang paling romantis bagi saya momen kecil yang mereka buat saja sudah buat gonjang ganjing bodo sangat disindir sindir kapal lain wqwqwq saya sayang kapal ini t
sadness,pusing qlo gini pilih yang mana qlo gini (at pt airmas asri),pusing qlo begini pilih yang mana qlo begini at perseroan terbatas air mas asri,"Pusing sekali begini, pilih yang mana begini. (di PT Airmas Asri)",pusing sekali begini pilih yang mana begini di perseroan terbatas air mas asri
happy,"Kalian kerja qeras bagay quda banget yaa buat kambek kali ini T.T Baiklah, besok2 streaming melon ama mv nya lebih semangaaatttzzzsss yaaaaa [USERNAME] :""""""""""""""""))))))",kalian kerja qeras bagay kuda sekali ya buat kembali kali ini t t baik lah besok streaming melon sama mv nya lebih semang yaa,"Kalian kerja keras banget ya buat comeback kali ini. Baiklah, besok streaming Melon ama MV-nya lebih semangat ya! [USERNAME] :""))))))",kalian kerja keras sekali iya buat eback kali ini baik lah besok streaming melon sama mv nya lebih semangat iya
