Label,Raw_tweet,Cleaned_Traditional,Cleaned_GPT,Cleaned_GPT+Traditional,Translated_Traditional,Translated_GPT,Translated_GPT+Traditional
sadness,"Yang menyedihkan lagi ada yang menganggap Via Vallen itu nggak merasa di lecehkan amat, malah mau naik pamor demi mencapai Keviralan dan itu diungkapkan oleh seorang W.A.N.I.T.A Addeh, udah jadi korban, sesama Wanita pula. Padahal normalnya harus saling dukung, saling empati [URL]",yang menyedihkan sedang ada yang menganggap via vallen itu tidak merasa di melecehkan sangat bahkan ingin naik pamor demi mencapai keviralan dan itu diungkapkan oleh seorang saya a dan i t a addeh sudah jadi korban sesama wanita pula padahal normalnya harus saling dukung saling empati,"Yang menyedihkan lagi ada yang menganggap Via Vallen itu tidak merasa dilecehkan amat, malah mau naik pamor demi mencapai keviralan dan itu diungkapkan oleh seorang wanita Aduhh, sudah jadi korban, sesama wanita pula. Padahal normalnya harus saling dukung, saling empati.",yang menyedihkan sedang ada yang menganggap via vallen itu tidak merasa dilecehkan sangat bahkan ingin naik pamor demi mencapai keviralan dan itu diungkapkan oleh seorang wanita aduh sudah jadi korban sesama wanita pula padahal normalnya harus saling dukung saling empati,"What's sad is that there are those who think that Via Vallen doesn't feel that she is being harassed at all and even wants to increase her popularity in order to go viral. And that was expressed by someone like me and I, Addeh, who have become victims of fellow women, even though normally they should support each other and empathize with each other.","What's even sadder is that some people think that Via Vallen doesn't feel that she's being harassed, instead she wants to gain fame in order to go viral and that was expressed by a woman. Oh dear, she's already a victim, and a fellow woman too. Normally, we should support each other and empathize with each other.","What's sad is that there are those who think that Via Vallen doesn't feel harassed at all and even wants to increase her fame in order to go viral and this was expressed by a woman, oh my, she's been a victim of another woman, even though normally we should support each other and empathize with each other."
anger,"Iya nih anjing, manusia pada lebay muak gua liatnya",iya nih anjing manusia pada berlebihan muak saya liat nya,"Iya nih anjing, manusia pada lebay muak gua liatnya",iya nih anjing manusia pada berlebihan muak saya liat nya,"Yes, these dogs and humans are overreacting, I'm disgusted by the sight of them","Yes, this dog, humans are so over the top, I'm disgusted when I see it","Yes, these dogs and humans are overreacting, I'm disgusted by the sight of them"
anger,samanye udeh maling semua gak si jancok gak si anjing gak si siluman monyet hahahahaha SATU HATI SAMA SAMA MALING !!!!,samanye sudah maling semua tidak sih jancok tidak sih anjing tidak sih siluman monyet haha satu hati sama sama maling,samanya udah maling semua gak si jancok gak si anjing gak si siluman monyet hahahahaha SATU HATI SAMA SAMA MALING !!!!,samanya sudah maling semua tidak sih jancok tidak sih anjing tidak sih siluman monyet haha satu hati sama sama maling,"Samanye are all thieves, aren't they all chumps, dogs or monkeys, haha, one heart is the same as a thief","They're all thieves, aren't they all thieves, or are they dogs, or are they all thieves? Hahahahaha ONE HEART IS EQUAL A THIEF!!!!","they're all thieves, no jackass, no dog, no monkey ghost haha â€‹â€‹they're all thieves"
anger,samanye udeh maling semua gak si jancok gak si anjing gak si siluman monyet hahahahaha SATU HATI SAMA SAMA MALING !!!!,samanye sudah maling semua tidak sih jancok tidak sih anjing tidak sih siluman monyet haha satu hati sama sama maling,samanya udah maling semua gak si jancok gak si anjing gak si siluman monyet hahahahaha SATU HATI SAMA SAMA MALING !!!!,samanya sudah maling semua tidak sih jancok tidak sih anjing tidak sih siluman monyet haha satu hati sama sama maling,"Samanye are all thieves, aren't they all chumps, dogs or monkeys, haha, one heart is the same as a thief","They're all thieves, aren't they all thieves, or are they dogs, or are they all thieves? Hahahahaha ONE HEART IS EQUAL A THIEF!!!!","they're all thieves, no jackass, no dog, no monkey ghost haha â€‹â€‹they're all thieves"
anger,JILBABER BAJU NATAL NORAK & ANJING2 KALIAN SDH MNYAMBUT DI HOTEL WAHAI INTEL SETAN [USERNAME] [USERNAME] APEP AHMAD TARDIYANA URBANE ANJING !! INI AJA POLA ULAH INTEL BUSUK LO NGIKUTIN ORG KEMNPUN TAEKKKK !! ALAT TEROR BNGSAT LAGI2 KALIAN PASANG DI KAMAR KERJASAMA DGN HOTEL TAEK!,orang berhijab baju natal norak anjing kalian sudah mnyambut di hotel wahai intel setan apep ahmad tardiyana urbane anjing ini saja pola ulah intel busuk kamu mengikuti orang kemana pun taek alat teror bangsat sedang kalian pasang di kamar kerja sama dengan hotel tahi,JILBABER BAJU NATAL NORAK & ANJING-ANJING KALIAN SUDAH MENYAMBUT DI HOTEL WAHAI INTELSETAN [USERNAME] [USERNAME] APEP AHMAD TARDIYANA URBANE ANJING!! INI SAJA POLA ULAH INTEL BUSUK LO NGIKUTIN ORANG KEMANA PUN TAEKKKK!! ALAT TEROR BANGSAT LAGI-LAGI KALIAN PASANG DI KAMAR KERJASAMA DENGAN HOTEL TAEK!,orang berhijab baju natal norak anjing anjing kalian sudah menyambut di hotel wahai intelsetan apep ahmad tardiyana urbane anjing ini saja pola ulah intel busuk kamu mengikuti orang kemana pun taek alat teror bangsat sedang sedang kalian pasang di kamar kerja sama dengan hotel tahi,"people in hijabs, tacky Christmas clothes, your dogs have been welcomed at the hotel, oh devil intelligence, apep ahmad tardiyana urbane, this dog is just the pattern of your rotten intelligence, you follow people wherever you go, you bastard terror devices are being installed in the work room together with the shit hotel","TACKY CHRISTMAS CLOTHES JILBABER & YOUR DOGS HAVE WELCOME US AT THE HOTEL OH INTEL DEVIL [USERNAME] [USERNAME] APEP AHMAD TARDIYANA URBAN DOG!! THIS IS THE PATTERN OF YOUR ROTTEN INTEL, FOLLOWING PEOPLE EVERYWHERE TAEKKKK!! YOU FUCKING TERROR TOOLS AGAIN, YOU INSTALLED THEM IN THE ROOMS OF THE COLLABORATION WITH THE HOTEL TAEK!","people in hijabs, tacky Christmas clothes, dogs, you guys have welcomed me at the hotel, oh, you devilish intelligence, apep ahmad tardiyana urbane, this dog is just the pattern of your rotten intelligence, you follow people everywhere, tae k, you bastard terror devices are currently being installed in the work room together with the shit hotel"
fear,Smg bsk ud ada pengumuman baik ya Allah amin lancarkanlah segalanya bener2 deh judulnya skrg tuh w dipenuhi ketidak pastian dan penantian huhuhu bener2 dr berbagai aspek bs tenang aja ga si ni idup,semoga besok sudah ada pengumuman baik iya allah amin lancarkan lah segalanya benar benar deh judulnya sekarang tuh saya dipenuhi ketidak pastian dan penantian huhuhu benar benar dari berbagai aspek bisa tenang saja tidak sih ini hidup,"Semoga besok sudah ada pengumuman baik. Ya Allah, amin. Lancarkanlah segalanya benar-benar deh. Judulnya sekarang tuh sudah dipenuhi ketidakpastian dan penantian. Huhuhu, benar-benar dari berbagai aspek bisa tenang aja ga sih ini hidup.",semoga besok sudah ada pengumuman baik iya allah amin lancarkan lah segalanya benar benar deh judulnya sekarang tuh sudah dipenuhi ketidakpastian dan penantian huhuhu benar benar dari berbagai aspek bisa tenang saja tidak sih ini hidup,"Hopefully tomorrow there will be a good announcement, yes God, amen, let everything run smoothly, really, that's the title, now I'm filled with uncertainty and anticipation, huhuhu, really, from various aspects, can I be calm, this is life?","Hopefully there will be a good announcement tomorrow. Oh God, amen. Make everything go smoothly. The title is now filled with uncertainty and anticipation. Huhuhu, can this life be calm from various aspects?","Hopefully tomorrow there will be a good announcement, yes God, amen, let everything run smoothly, really, the title is now filled with uncertainty and waiting, huhuhu, really, from various aspects, can we just relax, this is life?"
love,"kalo dokter dipanggilnya ""dok"" - kalo suster dipanggilnya ""sus"" - nah kalo apoteker? ""ap"", ""tek"", ato ""ker"" ?. Iya juga yah, bingung. Aku pribadi sih lbh seneng kamu panggil ""sayang"", it warms ma heart",kalau dokter dipanggilnya dok kalau suster dipanggilnya sus nah kalau apoteker apa tek atau ker iya juga ya bingung saya pribadi sih lebih senang kamu panggil sayang itu hangat sama heart,"kalo dokter dipanggilnya ""dok"" - kalo suster dipanggilnya ""sus"" - nah kalo apoteker? ""apoteker"", ""apotek"", atau ""ker"" ?. Iya juga yah, bingung. Aku pribadi sih lebih senang kamu panggil ""sayang"", it warms my heart",kalau dokter dipanggilnya dok kalau suster dipanggilnya sus nah kalau apoteker apoteker apotek atau ker iya juga ya bingung saya pribadi sih lebih senang kamu panggil sayang itu hangat my heart,"If a doctor is called doc, if a nurse is called sus, well if a pharmacist is called tek or ker, I'm also confused, personally I prefer you to call me darling, that's warm and hearty","if the doctor is called ""doc"" - if the nurse is called ""sus"" - what about the pharmacist? ""pharmacist"", ""pharmacy"", or ""ker""?. Yes, I'm confused too. I personally prefer you to be called ""darling"", it warms my heart","If a doctor is called doc, if a nurse is called sus, well if a pharmacist is called pharmacist or ker, I'm also confused, personally I prefer you to call me darling, that warms my heart"
happy,Kita semua mengaturkan kesuwun yg se-tinggi2nya kpd pakjokowi n kabinet dgn kinerja yg super bnget utk kemakmuran rakyat,kita semua mengaturkan kesuwun yang se tinggi nya kepada pak jokowi dan kabinet dengan kinerja yang super sangat untuk kemakmuran rakyat,Kita semua mengucapkan terima kasih yang setinggi-tingginya kepada Pak Jokowi dan kabinet dengan kinerja yang sangat baik untuk kemakmuran rakyat.,kita semua mengucapkan terima kasih yang setinggi tingginya kepada pak jokowi dan kabinet dengan kinerja yang sangat baik untuk kemakmuran rakyat,we all give the highest level of respect to Mr Jokowi and the cabinet with super performance for the prosperity of the people,We all express our highest gratitude to Mr. Jokowi and the cabinet for their excellent performance for the prosperity of the people.,We all express our highest gratitude to Mr. Jokowi and the cabinet for their excellent performance for the prosperity of the people.
happy,"Berharap suatu saat nanti difilmkan seperti ""The 33"". Judulnya ""The 13"" mungkin. The coach, kids, dan semua orang yg terlibat aksi penyelamatan. Bener2 Faith In Humanity Restored. Terharu. #ThaiCaveRescue [URL]",berharap suatu saat nanti difilmkan seperti the judulnya the mungkin the coach kids dan semua orang yang terlibat aksi penyelamatan benar benar faith ini humanity restored terharu thaicaverescue,"Berharap suatu saat nanti difilmkan seperti ""The 33"". Judulnya ""The 13"" mungkin. The coach, kids, dan semua orang yang terlibat aksi penyelamatan. Benar-benar Faith In Humanity Restored. Terharu. #ThaiCaveRescue [URL]",berharap suatu saat nanti difilmkan seperti the judulnya the mungkin the coach kids dan semua orang yang terlibat aksi penyelamatan benar benar faith ini humanity restored terharu thaicaverescue,hope someday it will be filmed like the title maybe the coach kids and everyone involved in the rescue action really faith this humanity restored moved thaicaverescue,"Hope someday it will be made into a movie like ""The 33"". Titled ""The 13"" maybe. The coach, kids, and everyone involved in the rescue. Truly Faith In Humanity Restored. Touched. #ThaiCaveRescue [URL]",hope someday it will be filmed like the title maybe the coach kids and everyone involved in the rescue action really faith this humanity restored moved thaicaverescue
happy,"Untuk para sahabat dan guru #pakarkomunikasi neniyulianita dr ani dan teman teman akademisi ""Selamat Milad fikom_unisba ke 35"" semoga lulusan FIKOM UNISBA semakin berkualitas",untuk para sahabat dan guru pakarkomunikasi neniyulianita dari ani dan teman teman akademisi selamat milad fikom_unisba ke semoga lulusan fakultas ilmu komunikasi unisba semakin berkualitas,"Untuk para sahabat dan guru pakar komunikasi Neni Yulianita dari Ani dan teman-teman akademisi ""Selamat Milad FIKOM UNISBA ke 35"" semoga lulusan FIKOM UNISBA semakin berkualitas",untuk para sahabat dan guru pakar komunikasi neni yulianita dari ani dan teman teman akademisi selamat milad fakultas ilmu komunikasi unisba ke semoga lulusan fakultas ilmu komunikasi unisba semakin berkualitas,"For friends and communication expert teachers Neniyulianita from Ani and academic friends, happy birthday to Fikom_Unisba, may the graduates of the Faculty of Communication Sciences Unisba be of increasingly high quality.","For friends and communication expert teachers Neni Yulianita from Ani and academic friends ""Happy 35th Anniversary of FIKOM UNISBA"" may FIKOM UNISBA graduates be of increasingly high quality","For friends and communication expert teachers Neni Yulianita from Ani and academic friends, happy birthday to the Faculty of Communication Sciences, Unisba. May the graduates of the Faculty of Communication Sciences, Unisba, be of increasing quality."
sadness,"Gegara td malem treak treak gemash ngliat indo kalah 2-1 sm thailand di kandang sendiri, kini tenggorokan minta digaruk -_________- yg nonton td mlm ngacung coba? Kalean tim mana nih?",gegara tadu malam treak treak gemash ngliat indonesia kalah sama thailand di kandang sendiri kini tenggorokan meminta digaruk _________ yang menonton tadu malam ngacung coba kalean tim mana nih,"Gegara tadi malam teriak teriak gemas melihat Indonesia kalah 2-1 sama Thailand di kandang sendiri, kini tenggorokan minta digaruk -_________- yang nonton tadi malam ngacung coba? Kalian tim mana nih?",gegara tadi malam teriak teriak gemas melihat indonesia kalah sama thailand di kandang sendiri kini tenggorokan meminta digaruk _________ yang menonton tadi malam ngacung coba kalian tim mana nih,because last night treak treak annoyed seeing Indonesia lose to Thailand at home now my throat is asking to be scratched _________ who watched last night raise your hand try which team you are,"Because last night we were screaming in exasperation seeing Indonesia lose 2-1 to Thailand at home, now our throats are begging to be scratched -_________- who watched last night, raise your hand? Which team are you on?","because last night I was screaming in exasperation seeing Indonesia lose to Thailand at home now my throat is asking to be scratched _________ who watched last night, raise your hand, which team are you on?"
anger,"Tapi angin2an sih. Kadang ditindak, kadang enggak. Gak konsisten, jd gak fair. Siapa yg merasa gak fair, ya pmlik mbl yg pas parkir di situ, terus ditindak. Kitu sanes...??",tetapi angin an sih kadang ditindak kadang tidak tidak konsisten jadi tidak adil siapa yang merasa tidak adil iya pemilik mbl yang pas parkir di situ terus ditindak kitu sanes,"Tapi angin-anginan sih. Kadang ditindak, kadang tidak. Tidak konsisten, jadi tidak fair. Siapa yang merasa tidak fair, ya pemilik mobil yang pas parkir di situ, terus ditindak. Kitu sanes...??",tetapi angin anginan sih kadang ditindak kadang tidak tidak konsisten jadi tidak adil siapa yang merasa tidak adil iya pemilik mobil yang pas parkir di situ terus ditindak kitu sanes,"but sometimes the wind is sometimes prosecuted, sometimes not, it's inconsistent, so it's unfair. Who feels it's unfair? Yes, the car owner who parked there was then prosecuted by Sanes.","But it's inconsistent. Sometimes they take action, sometimes they don't. It's inconsistent, so it's not fair. Who feels it's not fair, yes, the car owner who just parked there, then got action. Are we being rude...??","but it's just a matter of time, sometimes they take action, sometimes they don't, it's inconsistent, so it's unfair. Whoever feels it's unfair is the car owner who parks there and then gets action."
happy,"Terima kasih yak buat kakak* diJakarta n Surabaya yg udh luangin waktunya buat meetup.. hehehehee , so sekarang saatnya off , sampai ketemu akhir bulan ya di Balikpapan dan Denpasar... GBU all",terima kasih iya buat kakak di jakarta dan surabaya yang sudah meluangkan waktunya buat meetup hehehehee sok sekarang saatnya off sampai ketemu akhir bulan iya di balikpapan dan denpasar tuhan memberkati all,"Terima kasih ya buat kakak di Jakarta dan Surabaya yang sudah meluangkan waktunya untuk meetup.. hehehe , jadi sekarang saatnya pulang , sampai jumpa akhir bulan di Balikpapan dan Denpasar... GBU all",terima kasih iya buat kakak di jakarta dan surabaya yang sudah meluangkan waktunya untuk meetup hehe jadi sekarang saatnya pulang sampai jumpa akhir bulan di balikpapan dan denpasar tuhan memberkati all,"Thank you to the brothers and sisters in Jakarta and Surabaya who have taken the time to do the meetup, hehehehee, now it's time to take a break, see you at the end of the month, yes in Balikpapan and Denpasar, God bless you all","Thank you to the brothers and sisters in Jakarta and Surabaya who have taken the time to meet up... hehehe, so now it's time to go home, see you at the end of the month in Balikpapan and Denpasar... GBU all","Thank you to the brothers and sisters in Jakarta and Surabaya who have taken the time to meet up, hehe, so now it's time to go home, see you at the end of the month in Balikpapan and Denpasar, God bless you all."
anger,"Lagi ngoceh soal artis xx yg di follow masku..ya ngoceh dikit Temen kerja gue komentar ""haha kasian ya lu beli tiket mahal cuma salaman kaga di folbek"" I was like ""-_________-"" Pfftt Males ngobrol ama orang gblk emang",sedang mengoceh soal artis xx yang di follow mas ku iya mengoceh sedikit teman kerja saya komentar tertawa kasihan iya kamu beli tiket mahal cuma salaman kagak di ikuti kembali i was like _________ pfftt malas bicara sama orang goblok memang,"Lagi mengoceh soal artis xx yang di follow masuk.. ya mengoceh sedikit Teman kerja saya komentar ""haha kasian ya kamu beli tiket mahal cuma bersalaman gak di followback"" I was like ""-_________-"" Pfftt Malas ngobrol dengan orang goblok memang",sedang mengoceh soal artis xx yang di follow masuk iya mengoceh sedikit teman kerja saya komentar tertawa kasihan iya kamu beli tiket mahal cuma bersalaman tidak di followback i was like _________ pfftt malas bicara dengan orang goblok memang,was rambling about artist xx who was followed by my brother yes rambling a bit my coworker commented laughing pity yes you bought an expensive ticket just to shake hands but not followed back i was like _________ pfftt lazy to talk to stupid people indeed,"While I was rambling about artist xx who I followed in... yeah rambling a bit. My work colleague commented ""haha poor thing, you bought an expensive ticket just to shake hands without being followed back"" I was like ""-________-"" Pfftt I'm lazy to chat with stupid people indeed",was ranting about artist xx who was followed in yes rambling a bit my coworker commented laughing pity yes you bought an expensive ticket just shook hands not followed back i was like _________ pfftt lazy to talk to stupid people indeed
sadness,"Yang saya lakukan ketika mikir keras : 1. Mantengin leptop berharap dapat ide. Buntu. 2. Nyetel musik berharap merilekskan otak, biar ada inspirasi. Buntu. 3. Glibag-glibug di kasur, merenung sambil meluk bantal. Kemudian ketiduran.",yang saya lakukan ketika pikir keras mantengin leptop berharap dapat ide buntu setel musik berharap merilekskan otak biar ada inspirasi buntu glibag glibug di kasur merenung sambil memeluk bantal kemudian ketiduran,"Yang saya lakukan ketika mikir keras adalah: 1. Mantengin laptop berharap dapat ide. Buntu. 2. Mendengarkan musik berharap bisa merilekskan otak, biar ada inspirasi. Buntu. 3. Bergelimpangan di kasur, merenung sambil memeluk bantal. Kemudian ketiduran.",yang saya lakukan ketika pikir keras adalah mantengin laptop berharap dapat ide buntu mendengarkan musik berharap bisa merilekskan otak biar ada inspirasi buntu bergelimpangan di kasur merenung sambil memeluk bantal kemudian ketiduran,"what I do when I'm thinking hard, staring at my laptop hoping to get an idea, I'm stuck, playing music hoping to relax my brain so I can get inspiration, I'm stuck, lying on the bed, contemplating while hugging a pillow, then falling asleep","What I do when I think hard is: 1. Stare at my laptop hoping to get an idea. Deadlocked. 2. Listen to music hoping to relax my brain, so I can get inspiration. Deadlocked. 3. Lie on the bed, contemplating while hugging a pillow. Then fall asleep.","What I do when I'm thinking hard is stare at my laptop hoping to get an idea, listen to music hoping to relax my brain so I can get inspiration, lie down on the bed, think while hugging a pillow, then fall asleep"
anger,sama'y sudah g ush ganti ganti saja kali ya menyiksa batin sangat axis disini,samanye sudah maling semua tidak sih jancok tidak sih anjing tidak sih siluman monyet haha satu hati sama sama maling,"Sama'nya sudah jangan ganti-ganti saja kali ya, menyiksa batin sangat. Axis disini.",sama nya sudah jangan ganti ganti saja kali iya menyiksa batin sangat axis disini,"Samanye are all thieves, aren't they all chumps, dogs or monkeys, haha, one heart is the same as a thief","It's the same, don't just keep changing it, it's really torturous. Axis is here.","It's the same, don't change it, maybe it's really torturing the soul here"
anger,sama'y sudah g ush ganti ganti saja kali ya menyiksa batin sangat axis disini,samanye sudah maling semua tidak sih jancok tidak sih anjing tidak sih siluman monyet haha satu hati sama sama maling,"Sama'nya sudah jangan ganti-ganti saja kali ya, menyiksa batin sangat. Axis disini.",sama nya sudah jangan ganti ganti saja kali iya menyiksa batin sangat axis disini,"Samanye are all thieves, aren't they all chumps, dogs or monkeys, haha, one heart is the same as a thief","It's the same, don't just keep changing it, it's really torturous. Axis is here.","It's the same, don't change it, maybe it's really torturing the soul here"
happy,oke (y) cek fav ka :),oke ya cek favorit kak,"Oke (ya), cek favorit kak :)",oke iya cek favorit kakak,okay yeah check your favorites sis,"Okay (yes), check your favorites sis :)",okay yes check your favorites
sadness,Ingat saat kalian bergabung dengan Twitter? Saya ingat! dari smp entahlah sampai sekarang. dari yg pertama rame sekali twitter sampai hampa gt. tl sepe bgt hufth..kek hati saya gt. *eaaaaa hahahaha #HariJadiTwitterSaya [URL],ingat saat kalian bergabung dengan twitter saya ingat dari Sekolah Menengah Pertama entahlah sampai sekarang dari yang pertama ramai sekali twitter sampai hampa begitu tl sepi sangat hufth kayak hati saya begitu eaa hahahaha harijaditwittersaya,"Ingat saat kalian bergabung dengan Twitter? Saya ingat! dari SMP entahlah sampai sekarang, dari yang pertama ramai sekali Twitter sampai hampa gitu. TL sepi banget huft... kayak hati saya gitu. *eaaaaa hahahaha #HariJadiTwitterSaya [URL]",ingat saat kalian bergabung dengan twitter saya ingat dari Sekolah Menengah Pertama entahlah sampai sekarang dari yang pertama ramai sekali twitter sampai hampa begitu tl sepi sekali mengeluh mirip hati saya begitu eaa hahahaha harijaditwittersaya,remember when you joined twitter I remember from junior high school I don't know until now from the first time twitter was very busy until it was so empty tl very quiet hufth like my heart was like that e aa hahahaha my twitter anniversary,"Remember when you joined Twitter? I remember! From junior high school until now, from when Twitter was really busy until it was so empty. TL was really quiet huft... just like my heart. *eaaaaa hahahaha #MyTwitterAnniversary [URL]",remember when you joined twitter I remember from junior high school I don't know until now from the first time twitter was very busy until it was so empty tl very quiet complaining like my heart like that e aa hahahaha my twitter anniversary
anger,kamu yang alay yah -_- kamu sih 4lay ih akoh molo sih seble :]x bagaikan menyiram luka pakai air,kamu yang norak ya _ kamu sih lay ih saya molo sih sebal x bagaikan menyiram luka pakai air,"Kamu yang alay, ya -_- Kamu itu alay banget, aku malah jadi sebel deh. Bagaikan menyiram luka dengan air.",kamu yang norak iya _ kamu itu norak banget saya bahkan jadi kesal deh bagaikan menyiram luka dengan air,"You're the cheesy one, huh? You're so lazy, I'm annoyed, it's like pouring water on a wound","You're the one who's cheesy, huh -_- You're so cheesy, I'm actually annoyed. It's like pouring water on a wound.","You're the one who's cheesy, yeah _ you're so cheesy, I even got annoyed, it's like pouring water on a wound"
happy,"sebenernya awal gua naksir yg coklat, tp wkt itu stock kosong T^T krn w kepo parah ama sound ini headphone dan keinginan untuk memiliki sudah terlalu kuat! jadinya beli yg ada stocknya aja.. akhirnya w berjodoh dengan ""STEEL""",sebenarnya awal saya menaksir yang coklat tetapi waktu itu stock kosong t t karena saya ingin tahu parah sama sound ini headphone dan keinginan untuk memiliki sudah terlalu kuat jadinya beli yang ada stocknya aja akhirnya saya berjodoh dengan baja,"Sebenernya awal saya naksir yang coklat, tapi waktu itu stock kosong karena saya kepo parah ama sound ini headphone dan keinginan untuk memiliki sudah terlalu kuat! Jadinya beli yang ada stocknya saja.. akhirnya saya berjodoh dengan ""STEEL""",sebenarnya awal saya menaksir yang coklat tetapi waktu itu stock kosong karena saya ingin tahu parah sama sound ini headphone dan keinginan untuk memiliki sudah terlalu kuat jadinya beli yang ada stocknya saja akhirnya saya berjodoh dengan baja,"Actually, at first I was interested in the brown one but at that time the stock was empty t t because I was really curious about the sound of this headphone and the desire to have it was too strong so I just bought the one that was in stock, finally I fell in love with the steel one","Actually, at first I had a crush on the brown one, but at that time the stock was empty because I was really curious about the sound of this headphone and the desire to have it was too strong! So I just bought the one that was in stock.. finally I was destined to have ""STEEL""","Actually, at first I was interested in the brown one but at that time it was out of stock because I was really curious about the sound of this headphone and the desire to have it was too strong so I just bought the one that was in stock, in the end I ended up with the steel one."
fear,"Berat badanku 77kg, aku minder, aku takut di bully, aku takut mereka yg bilang cantik itu langsing bukan C A N T I K Aku juga takut dibilang ""Gapura Kecamatan"" #janganbullyaku [URL]",berat badanku kilogram saya minder saya takut di rundung saya takut mereka yang bilang cantik itu langsing bukan sih a dan t i ke saya juga takut dibilang gapura kecamatan janganbullyaku,"Berat badanku 77 kg, aku minder, aku takut di bully, aku takut mereka yang bilang cantik itu langsing bukan CANTIK. Aku juga takut dibilang ""Gapura Kecamatan"" #janganbullyaku",berat badanku kilogram saya minder saya takut di rundung saya takut mereka yang bilang cantik itu langsing bukan cantik saya juga takut dibilang gapura kecamatan janganbullyaku,"My weight is kilograms I am insecure I am afraid of being bullied I am afraid of those who say that beautiful means being slim, right? A and T I Ke I am also afraid of being called a sub-district gate don't bully me","My weight is 77 kg, I'm insecure, I'm afraid of being bullied, I'm afraid of those who say beautiful are slim not BEAUTIFUL. I'm also afraid of being called ""District Gate"" #don'tbullyme",My weight is kilograms I am insecure I am afraid of being bullied I am afraid of those who say that beauty means being slim not beautiful I am also afraid of being called a sub-district gate don't bully me
sadness,"(c.) jalan tol. Ia sungguh sedih mengingat kejadian-kejadian di kehidupannya. Tak kuat menahan sedih, dirinya mencoba mengakhiri hidupnya sambil menatap bayi Aurora yang tengah terlelap dan tersenyum. Tak kuasa melihat malaikat kecilnya yang begitu cantik mengurungkan niatnya (c",sih jalan tol ia sungguh sedih mengingat kejadian kejadian di kehidupannya tidak kuat menahan sedih dirinya mencoba mengakhiri hidupnya sambil menatap bayi aurora yang tengah terlelap dan tersenyum tidak kuasa melihat malaikat kecil nya yang begitu cantik mengurungkan niatnya sih,"Jalan tol. Ia sungguh sedih mengingat kejadian-kejadian di kehidupannya. Tak kuat menahan sedih, dirinya mencoba mengakhiri hidupnya sambil menatap bayi Aurora yang tengah terlelap dan tersenyum. Tak kuasa melihat malaikat kecilnya yang begitu cantik mengurungkan niatnya.",jalan tol ia sungguh sedih mengingat kejadian kejadian di kehidupannya tidak kuat menahan sedih dirinya mencoba mengakhiri hidupnya sambil menatap bayi aurora yang tengah terlelap dan tersenyum tidak kuasa melihat malaikat kecil nya yang begitu cantik mengurungkan niatnya,hey toll road he was really sad remembering the events in his life he couldn't hold back his sadness he tried to end his life while looking at baby aurora who was sleeping and smiling he couldn't bear to see his little angel who was so beautiful he changed his mind,"Toll road. He was really sad remembering the events in his life. Unable to hold back his sadness, he tried to end his life while looking at baby Aurora who was sleeping and smiling. Unable to see his beautiful little angel, he changed his mind.",toll road he was really sad remembering the events in his life he couldn't hold back his sadness he tried to end his life while looking at baby aurora who was sleeping and smiling he couldn't bear to see his little angel who was so beautiful he changed his mind
anger,"Ya gue tau sih, bukan grup kita yg digituin. Tapi sesama cewek, terus dibilang bahan gituan.... masih bisa terima? Dia jelas2 public figure, dan ngomong dengan enaknya di video bahan c**i? Gue ngetik aja ga nyaman. Wah gue lisa digituin aja gue semarah ini, gimana bangtan? -.-",iya saya tahu sih bukan grup kita yang diperlakukan seperti itu tetapi sesama cewek terus dibilang bahan begituan masih bisa terima dia jelas public figure dan bicara dengan enaknya di video bahan sih i saya ketik saja tidak nyaman wah saya lisa diperlakukan seperti itu saja saya semarah ini bagaimana bangtan,"Ya saya tahu sih, bukan grup kita yang digituin. Tapi sesama cewek, terus dibilang bahan gituan.... masih bisa terima? Dia jelas-jelas public figure, dan ngomong dengan enaknya di video bahan coli? Saya ngetik saja tidak nyaman. Wah saya Lisa digituin saja saya se marah ini, gimana Bangtan? -.-",iya saya tahu sih bukan grup kita yang diperlakukan seperti itu tetapi sesama cewek terus dibilang bahan begituan masih bisa terima dia jelas jelas public figure dan bicara dengan enaknya di video bahan coli saya ketik saja tidak nyaman wah saya lisa diperlakukan seperti itu saja saya se marah ini bagaimana bangtan,"Yes, I know that it's not our group that is being treated like that, but fellow girls are constantly being called something like that, but we can still accept it. She's clearly a public figure and speaks so well in videos. It's something. I just typed it, it's uncomfortable. Wow, Lisa, I'm being treated like that. I'm this angry. What do you think, Bangtan?","Yeah I know, it's not our group that's being treated like that. But fellow girls, and then being called something like that.... can you still accept it? She's clearly a public figure, and she speaks so comfortably in a video that she's something to masturbate to? I don't feel comfortable just typing. Wow, I'm Lisa, but I'm this angry, what about Bangtan? -.-","Yes, I know that it's not our group that is treated like that, but fellow girls are constantly being called that kind of material, but they can still accept it. She's clearly a public figure and speaks so nicely in the video. I just type it, it's uncomfortable. Wow, Lisa, being treated like that makes me this angry. Bangtan"
fear,"ketika idung nyium bau bau gaenak lalu temen yg rumahnya lumayan jauh ngechat di wa ""kalian nyium bau gas ga ?"" NJIRRR IYA INI BAU GAS  INI BUKAN GAS BERACUN KAN HUH ? KO JADI PARNO SIH",timbang timbang anakku sayang buah hati ku sepajang jalan siang malan aku selalu berdoa semoga kelak kamu bahagia selalu hari anak nasional,"Ketika hidung mencium bau tidak enak lalu teman yang rumahnya lumayan jauh mengirim pesan di WhatsApp ""kalian mencium bau gas ga?"" NJIRRR IYA INI BAU GAS INI BUKAN GAS BERACUN KAN HUH? KENAPA JADI PARANOID SIH",ketika hidung mencium bau tidak enak lalu teman yang rumahnya lumayan jauh mengirim pesan di whatsapp kalian mencium bau gas tidak nji iya ini bau gas ini bukan gas beracun kan apa kenapa jadi takut sih,"Weigh my dear child, my beloved child, all along the road day and night I always pray that in the future you will always be happy, National Children's Day","When your nose smells something bad and a friend who lives quite far away sends a message on WhatsApp ""do you smell gas?"" NJIRRR YES THIS SMELLS GAS THIS ISN'T POISONOUS GAS, RIGHT? WHY ARE YOU SO PARANOID","when your nose smells an unpleasant odor and then a friend whose house is quite far away sends a message on WhatsApp that you smell gas, no, yes, this smells like gas, this isn't poisonous gas, right? Why are you so scared?"
fear,"/rlt guys aku mau nanya. Aku bingung, aku ketrima u'p'n vj sama un air. Aku suka jurusan yg di u pn tp aku anak daerah, agak takut di jkt. Dan yg un air uda dibayar. Mohon sarannya.",rlt teman-teman saya ingin bertanya saya bingung saya diterima u p dan veteran jakarta sama un air saya suka jurusan yang di kamu pn tetapi saya anak daerah agak takut di jakarta dan yang un air sudah dibayar mohon sarannya,"Guys aku mau bertanya. Aku bingung, aku diterima upnvj sama universitas negeri. Aku suka jurusan yang di upn tp aku anak daerah, agak takut di Jakarta. Dan yang universitas negeri sudah dibayar. Mohon sarannya.",teman-teman saya ingin bertanya saya bingung saya diterima upnvj sama universitas negeri saya suka jurusan yang di Universitas Pembangunan Nasional tetapi saya anak daerah agak takut di jakarta dan yang universitas negeri sudah dibayar mohon sarannya,"rlt friends, I want to ask, I'm confused, I was accepted at U P and Veteran Jakarta and UN Air. I like the major that you are at, but I'm a regional kid and I'm a bit scared in Jakarta and UN Air has been paid for. Please give me your advice.","Guys, I want to ask. I'm confused, I was accepted by upnvj and a state university. I like the majors at upn but I'm a regional kid, a bit scared in Jakarta. And the state university has been paid for. Please give me advice.","My friends, I want to ask, I'm confused, I was accepted by UPNVJ and a state university. I like the majors at the National Development University, but I'm a regional child, I'm a bit scared in Jakarta and the state university has already been paid for. Please give me advice."
anger,"heii..hey km para kaum adam hr gini msih mau aj Trnsfer""/ DP""sedihh kan klw di block stelah Tf...mk ny yg Real"" aja klw mw ktmuan sma kaum hawa...hihiiihii",hai hey kamu para kaum adam hari begini masih ingin saja trnsfer uang muka sedih kan kalau di block setelah tf maka nya yang real saja kalau ingin ktmuan sama kaum hawa hihhii,"Hei, hey kamu para kaum Adam hari ini masih mau aja transfer atau DP sedih kan kalau diblock setelah transfer. Mungkin yang real aja kalau mau ketemuan sama kaum hawa. hehehe",hei hey kamu para kaum adam hari ini masih ingin saja transfer atau uang muka sedih kan kalau diblock setelah transfer mungkin yang real saja kalau ingin bertemu sama kaum hawa hehe,"Hey hey you men, these days you still want to transfer a down payment, it would be sad if you were blocked after the transfer, so just do it for real if you want to meet women, hih hii","Hey, hey you men today still want to transfer or DP, it's sad if you get blocked after the transfer. Maybe just be real if you want to meet women. hehehe","Hey hey you men today still want to transfer or make a down payment, it's sad if you get blocked after the transfer, maybe just make a real one if you want to meet women, hehe"
anger,dia ! emang'a apa kya a tahu ! masalah'a sih sepele tapi bisa bikin saya ngedown,dia memang a apa kaya a tahu masalah a sih sepele tetapi bisa buat saya ngedown,"Dia! Emangnya apa ya, kayaknya tau! Masalahnya sih sepele tapi bisa bikin saya down.",dia memangnya apa iya kayaknya tahu masalahnya sih sepele tetapi bisa buat saya down,He really is like a what a knows my problem is trivial but it can make me down,"Him! What is it, he seems to know! The problem is trivial but it can make me down.","What is he really like? It seems like he knows the problem, it's trivial but it can make me down"
anger,Hey kamuuhhh!! semoga qt dijauhkan dari keputusan yang bodoh ituu Selamat menjalankan ibadah puasa juga budiirrr@olfi_opi,hey kamuu semoga kita dijauhkan dari keputusan yang bodoh itu selamat menjalankan ibadah puasa juga budii,Hey kamu! Semoga kita dijauhkan dari keputusan yang bodoh itu. Selamat menjalankan ibadah puasa juga. @olfi_op,hey kamu semoga kita dijauhkan dari keputusan yang bodoh itu selamat menjalankan ibadah puasa juga,"Hey you, hopefully we will be kept away from stupid decisions. Happy fasting and good deeds",Hey you! Hopefully we will be kept away from that stupid decision. Happy fasting too. @olfi_op,"Hey you, hopefully we will be kept away from that stupid decision. Happy fasting too"
love,"Tadi Siang,Aku Mimpi Bang Tomi.Di Mimpi Itu Aku dan Bang Tomi Kelihatan Akrab...bngt.Sampe,Bang Tomi Ngerangkul Pundak Aku Erat...bngt.Apa,ya...Arti Mimpi itu...???",tadi siang aku mimpi bang tomi di mimpi itu saya dan bang tomi kelihatan akrab banget sampai bang tomi ngerangkul pundak saya erat banget apa iya arti mimpi itu,"Tadi siang, aku mimpi Bang Tomi. Di mimpi itu aku dan Bang Tomi kelihatan akrab banget. Sampe, Bang Tomi merangkul pundak aku erat banget. Apa, ya...Arti mimpi itu...?",tadi siang saya mimpi bang tomi di mimpi itu saya dan bang tomi kelihatan akrab banget sampai bang tomi merangkul pundak saya erat banget apa iya arti mimpi itu,"This afternoon I dreamed of Bang Tomi. In the dream, Bang Tomi and I looked really close to each other, until Bang Tomi hugged my shoulders really tightly. Is that really the meaning of the dream?","This afternoon, I dreamed of Bang Tomi. In the dream, Bang Tomi and I looked really close. Bang Tomi even hugged my shoulders really tightly. What, yeah... does that dream mean...?","This afternoon I dreamed of Mr. Tomi. In the dream, Mr. Tomi and I looked really close to each other, to the point where Mr. Tomi hugged my shoulders really tightly. Is that really the meaning of the dream?"
happy,"Inget tebak tebakan dulu: Budi: ikan, ikan apa yang bentuknya segitiga? Aisyah: Ikan Sepat Budi: kurang tepat ayy Aisyah: trus apa dong! *Mendesak penasaran Budi: Iiikancut luuu.. Nb: Seketika hening, 5 detik kemudian tertawa malu. Wkwkwkwk #recehkantwitter",ingat tebak tebakan dulu budi ikan ikan apa yang bentuknya segitiga aisyah ikan sepat budi kurang tepat sayang aisyah terus apa dong mendesak penasaran budi kancut l nb seketika hening detik kemudian tertawa malu wkwkwkwk recehkan twitter,"Inget tebak tebakan dulu: Budi: ikan, ikan apa yang bentuknya segitiga? Aisyah: Ikan Sepat Budi: kurang tepat ayy Aisyah: trus apa dong! *Mendesak penasaran Budi: ikancutlu.. Nb: Seketika hening, 5 detik kemudian tertawa malu. Wkwkwkwk #recehkantwitter",ingat tebak tebakan dulu budi ikan ikan apa yang bentuknya segitiga aisyah ikan sepat budi kurang tepat sayang aisyah terus apa dong mendesak penasaran budi ikancutlu nb seketika hening detik kemudian tertawa malu wkwkwkwk recehkan twitter,remember guess first budi what kind of fish is triangular aisyah sepat fish budi not quite right dear aisyah then what should i do urgently curious budi kancut l nb suddenly silent for a second then laugh embarrassed wkwkwkwk belittle twitter,"Remember the guessing game first: Budi: fish, what kind of fish is triangular in shape? Aisyah: Sepat Fish Budi: not quite right ayy Aisyah: then what! *Pushing curiosity Budi: cutlu fish.. Nb: Suddenly silent, 5 seconds later laughing embarrassedly. Lwkwkwk #recehkantwitter",remember guess first Budi what kind of fish is triangular Aisyah sepat fish Budi is not quite right dear Aisyah then what should I do urgently curious Budi ikancutlu nb suddenly silent for a second then laugh embarrassedly wkwkwkwk belittle twitter
fear,"+ Oleh paman nya kemarin. Namun tiba tiba ada seorang pria paruh baya datang menghampiri nya sambil membawa sebuah papan nama bertuliskan namanya. ""Ini mas jefry?"" Tanya nya dengan agak sedikit ragu karena sepertinya dia takut salah mengira orang +",oleh paman nya kemarin namun tiba tiba ada seorang pria paruh baya datang menghampiri nya sambil membawa satu buah papan nama bertuliskan namanya ini mas jefry tanya nya dengan agak sedikit ragu karena sepertinya dia takut salah mengira orang,"Oleh paman nya kemarin. Namun tiba-tiba ada seorang pria paruh baya datang menghampiri nya sambil membawa sebuah papan nama bertuliskan namanya. ""Ini Mas Jefry?"" Tanya nya dengan agak sedikit ragu karena sepertinya dia takut salah mengira orang.",oleh paman nya kemarin namun tiba tiba ada seorang pria paruh baya datang menghampiri nya sambil membawa satu buah papan nama bertuliskan namanya ini mas jefry tanya nya dengan agak sedikit ragu karena sepertinya dia takut salah mengira orang,"by his uncle yesterday but suddenly a middle-aged man came over to him carrying a nameplate with his name written on it, ""This is Mr. Jefry,"" he asked with a little hesitation because it seemed he was afraid of mistaking the person.","By his uncle yesterday. But suddenly a middle-aged man approached him carrying a nameplate with his name on it. ""Is this Mas Jefry?"" he asked with a little hesitation because it seemed he was afraid of mistaking someone.","by his uncle yesterday but suddenly a middle-aged man came over to him carrying a nameplate with his name written on it, ""This is Mr. Jefry,"" he asked with a little hesitation because it seemed he was afraid of mistaking the person."
anger,"[USERNAME] .... Harga sepatu saja 13,6 jt.... Gimana mau bicara rakyat miskin.....?? Harga sepatu 13, 6 jt. Itu = 6 x rata2 UMR /bln Rakyat ..... Masih mau ngomong kemiskinan Rakyat....??",harga sepatu saja juta bagaimana ingin bicara rakyat miskin harga sepatu juta itu x rata upah minimum regional bulan rakyat masih ingin bicara kemiskinan rakyat,"[USERNAME], harga sepatu saja 13,6 juta. Bagaimana mau bicara soal rakyat miskin? Harga sepatu 13,6 juta itu sama dengan enam kali rata-rata UMR per bulan rakyat. Masih mau membahas kemiskinan rakyat?",harga sepatu saja juta bagaimana ingin bicara soal rakyat miskin harga sepatu juta itu sama dengan enam kali rata rata upah minimum regional per bulan rakyat masih ingin membahas kemiskinan rakyat,"The price of shoes alone is millions, how can you talk about poor people? The price of shoes is millions x the average regional minimum wage per month. The people still want to talk about the people's poverty.","[USERNAME], the price of shoes alone is 13.6 million. How can you talk about the poor? The price of shoes is 13.6 million, which is equal to six times the average monthly minimum wage for the people. Do you still want to talk about the people's poverty?","The price of shoes alone is in the millions, how can we talk about poor people? The price of shoes in the millions is the same as six times the average regional minimum wage per month. People still want to talk about poverty."
anger,#CalonPenghuniNeraka INI SERIUS Buat elu semua para player troll player toxic player noob terutama di game vainglory Elu gak gue maafin. Jancok Neraka bangsaaaaat,calon penghuni neraka ini serius buat lu semua para player memancing kemarahan player toxic player cupu terutama di game vainglory lu tidak saya memaafi jancok neraka bangsaat,"#CalonPenghuniNeraka INI SERIUS Buat kalian semua para pemain troll, pemain toxic, pemain noob terutama di game vainglory Kalian tidak akan aku maafkan. Jancok, Neraka bangsat!",calon penghuni neraka ini serius buat kalian semua para pemain memancing kemarahan pemain toxic pemain cupu terutama di game vainglory kalian tidak akan saya maafkan jancok neraka bangsat,"This hellish candidate is serious for all of you players who provoke the anger of toxic players, especially in the Vainglory game, I don't forgive you, you're a hellish bastard, bro.","#HellHouseHouseholder THIS IS SERIOUS For all of you troll players, toxic players, noob players especially in vainglory game I will not forgive you. Fuck you, Hell bastards!","These hellish residents are serious about all of you players who provoke the anger of toxic players, especially in the vainglory game, I will not forgive you, you bastards of hell"
happy,"LoveLaws - TT (2018) Gak paham gue sama mbak gitaris Warpaint satu ini, keren banget. Gue denger album ini kayak exposing her romantic side nya gitu tp jir berhasil banget, vibe nya fierce tp vurnerable + seducing at the same time. W paling suka lagu Love Leaks sm I've Been Fine [URL]",lovelaws tt tidak paham saya sama mbak gitaris warpaint satu ini keren banget saya dengar album ini mirip exposing dia romantic samping nya begitu tetapi anjing berhasil banget atmosfer nya fierce tetapi rentan menggoda at the sama time saya paling suka lagu cinta leaks sama i ve sudah fine,"LoveLaws - TT (2018) Gak paham gue sama mbak gitaris Warpaint satu ini, keren banget. Gue denger album ini kayak exposing her romantic side-nya gitu tapi jir berhasil banget, vibe-nya fierce tapi vulnerable dan seducing at the same time. W paling suka lagu Love Leaks sama I've Been Fine [URL]",lovelaws tt tidak paham saya sama mbak gitaris warpaint satu ini keren banget saya dengar album ini mirip exposing dia romantic samping nya begitu tetapi anjing berhasil banget atmosfer nya fierce tetapi vulnerable dan menggoda at the sama time saya paling suka lagu cinta leaks sama i ve sudah fine,"lovelaws tt I don't understand the same thing as the guitarist Warpaint, this one is really cool, I heard this album is similar to exposing, he's romantic, but the dog is really successful, the atmosphere is fierce but prone to teasing, at the same time I like the love song leaks the most, I've already been fine","LoveLaws - TT (2018) I don't understand this Warpaint guitarist, she's really cool. I heard this album like exposing her romantic side but Jir really succeeded, the vibe is fierce but vulnerable and seducing at the same time. I like the songs Love Leaks and I've Been Fine the most [URL]","lovelaws tt I don't understand the same thing as the guitarist Warpaint, this one is really cool, I heard this album is similar to exposing, he's romantic, but the dog is really successful, the atmosphere is fierce but vulnerable and tempting, at the same time I like the love song leaks the most, I've already been fine"
happy,Dulu kaya hampir setengah jam atau 2*x sesi jelasin org korea kata *Cie*...sampe pake di dramain biat pd nyambung... Akhirnya baru pd ngerti dan nemu padanan kata ke korea.. trus skrg gw yg lupa bhs koreanya cie apa hahahhaa [URL],dulu kayak hampir setengah jam atau x sesi jelasin orang korea kata cie sampai pakai di dramain agar pada menyambung akhirnya baru pada mengerti dan temu padanan kata ke korea terus sekarang saya yang lupa bahas koreanya cie apa tertawa,"Dulu kaya hampir setengah jam atau dua kali sesi jelasin orang Korea kata ""Cie"" ... sampai pake di drama biar pada nyambung ... Akhirnya baru pada ngerti dan nemu padanan kata ke Korea .. trus sekarang gw yang lupa bahasa Koreanya cie apa hahahhaa [URL]",dulu kayak hampir setengah jam atau dua kali sesi jelasin orang korea kata cie sampai pakai di drama biar pada menyambung akhirnya baru pada mengerti dan temu padanan kata ke korea terus sekarang saya yang lupa bahasa koreanya cie apa tertawa,"Previously, it was like almost half an hour or x sessions explaining the Korean word cie until it was used in a drama so that when they connected, they finally understood and found the equivalent word for Korean. Now, I've forgotten what the Korean word cie is and I'm laughing.","It used to be like almost half an hour or two sessions explaining the Korean word ""Cie"" ... until it was used in a drama so that everyone would understand ... Finally, everyone understood and found the Korean equivalent ... and now I'm the one who forgot what the Korean word for cie is, hahahhaa [URL]",It used to be like almost half an hour or two sessions explaining the Korean word cie until it was used in dramas so that people would connect and finally understand and find the equivalent word for Korean. Now I've forgotten the Korean word cie and I'm laughing.
fear,punya kebiasaan kekamar mandi tengah malem berhubung kamarmandinya lagi dibenerin jadi pake kamarmandi tempat lain tapi kamarmandinya serem I'm scared &gt&,punya kebiasaan ke kamar mandi tengah malam berhubung kamarmandinya sedang dibenarkan jadi pakai kamarmandi tempat lain tetapi kamarmandinya seram i sama takut begitu,"Punya kebiasaan ke kamar mandi tengah malam berhubung kamar mandinya lagi diperbaiki jadi pakai kamar mandi tempat lain tapi kamar mandinya serem, I'm scared ðŸ˜¨",punya kebiasaan ke kamar mandi tengah malam berhubung kamar mandinya sedang diperbaiki jadi pakai kamar mandi tempat lain tetapi kamar mandinya seram i sama takut,I have a habit of going to the bathroom in the middle of the night because the bathroom is being repaired so I use another bathroom but the bathroom is scary and I'm scared.,"I have a habit of going to the bathroom in the middle of the night because the bathroom is being repaired so I use another bathroom but the bathroom is scary, I'm scared ðŸ˜¨",I have a habit of going to the bathroom in the middle of the night because the bathroom is being repaired so I use another bathroom but the bathroom is scary and I'm afraid
anger,"ELING GA SIH NIH 3????!!!!!! BIASANYA SECEPAT KILAT, SKRG LAMBAT BGT INSTAGRAM GA KE REFRESH SAMA SEKALI TWITTER JUGA SAMA!!!!!!!!!!! GIMANA NIH? BOSEN NANYAIN NOMOR MULU TAPI UDAH 5 HARI SELAMBAT INI [USERNAME]",eling tidak sih nih biasanya secepat kilat sekarang lambat sangat instagram tidak ke refresh sama sekali twitter juga sama bagaimana nih bosan menanyakan nomor terus tetapi sudah hari selambat ini,"ELING GA SIH NIH 3????!!!!!! BIASANYA SECEPAT KILAT, SEKARANG LAMBAT BANGET INSTAGRAM GAKE REFRESH SAMA SEKALI TWITTER JUGA SAMA!!!!!!!!!!! GIMANA NIH? BOSAN NANYAIN NOMOR MULU TAPI UDAH 5 HARI SE LAMBAT INI.",eling tidak sih nih biasanya secepat kilat sekarang lambat sekali instagram gake refresh sama sekali twitter juga sama bagaimana nih bosan menanyakan nomor terus tetapi sudah hari se lambat ini,"I don't remember this, usually it's lightning fast, now it's very slow, Instagram doesn't refresh at all, Twitter is the same, how come I'm tired of asking for numbers all the time but it's already this slow","DO YOU REMEMBER THESE 3????!!!!!! USUALLY IT'S LIGHTNING FAST, NOW IT'S SO SLOW INSTAGRAM DOESN'T REFRESH AT ALL TWITTER IS THE SAME!!!!!!!!!!!! WHAT'S THIS? TIRED OF ALWAYS ASKING FOR THE NUMBER BUT IT'S ALREADY THIS SLOW FOR 5 DAYS.","remember this, usually it's lightning fast, now it's really slow, Instagram doesn't refresh at all, Twitter is the same, how come I'm tired of asking for numbers all the time but it's already this slow"
fear,[USERNAME] demi apapun w takut ama ntu hewan. trauma pernah digigit dan w abis itu ke rumah sakit gegara keracunan. padahal digigit sama yang kecil masih anaknya gitu tapi buset dah w langsung pusing lemes. jadi ampe sekarang kalau ngeliat ini hewan langsu,demi apa pun saya takut sama itu hewan trauma pernah digigit dan saya habis itu ke rumah sakit gegara keracunan padahal digigit sama yang kecil masih anaknya begitu tetapi buset sudah saya langsung pusing lemas jadi sampai sekarang kalau melihat ini hewan langsung,Demi apapun aku takut akan hewan itu. Trauma pernah digigit dan aku abis itu ke rumah sakit gegara keracunan. Padahal digigit sama yang kecil masih anaknya gitu tapi buset dah aku langsung pusing lemes.,demi apa pun saya takut akan hewan itu trauma pernah digigit dan saya habis itu ke rumah sakit gegara keracunan padahal digigit sama yang kecil masih anaknya begitu tetapi buset sudah saya langsung pusing lemas,"For whatever reason, I'm afraid of that animal. I was traumatized by being bitten and then I went to the hospital because of poisoning even though I was bitten by a small one, it was still a cub, but wow, I immediately felt dizzy and weak, so until now, when I see this animal, I immediately get scared.","For whatever reason, I'm afraid of that animal. I was traumatized by being bitten and then I went to the hospital because of poisoning. Even though I was bitten by a small one, still a cub, but damn it, I immediately felt dizzy and weak.","For whatever reason, I'm afraid of that animal. I was traumatized by being bitten and then I went to the hospital because of poisoning even though I was bitten by a small one, it was still a cub, but wow, I immediately felt dizzy and weak."
love,":: meski aku golput.. tp salut [USERNAME] .. ia satu2nya presiden #RakyatIndonesia yg bisa menangis di depan publik... :: memang tak sedikit lawan2 politiknya.. mngcap dia sombong.. :: tapi, nyatanya, ia menangis.. :: :: #SaveNKRI [URL]",meski saya golongan putih tetapi salut ia satu nya presiden rakyatindonesia yang bisa menangis di depan publik memang tidak sedikit lawan politiknya mengecap dia sombong tetapi nyatanya ia menangis savenkri,"Meski aku golput, tapi salut [@USERNAME] ... ia satu-satunya presiden #RakyatIndonesia yang bisa menangis di depan publik... Memang tak sedikit lawan politiknya menilainya sombong... Tapi, nyatanya, ia menangis... #SaveNKRI [URL]",meski saya golongan putih tetapi salut ia satu satu nya presiden rakyatindonesia yang bisa menangis di depan publik memang tidak sedikit lawan politiknya menilainya sombong tetapi nyatanya ia menangis savenkri,"Even though I am a white person, I salute him, he is the only Indonesian president who can cry in public. Indeed, many of his political opponents label him arrogant, but in fact he cries, Savenkri","Even though I abstained from voting, I salute [@USERNAME] ... he is the only president of the #IndonesianPeople who can cry in public... Indeed, many of his political opponents consider him arrogant... But, in fact, he cried... #SaveNKRI [URL]","Even though I am a white person, I salute him, he is the only Indonesian president who can cry in public. Indeed, many of his political opponents consider him arrogant, but in fact he cried. Savenkri"
anger,bacot parah galak kalau udah marah jan mau deh dimarahin lex. caca aja kapokgabisa dibohongin kalau ttg cinta tp knpa ttg lainnya lu bege ya susah beud disuruh tidur atau makan my human diary yang kita dkt gatau grgr,banyak bicara parah galak kalau sudah marah jangan ingin deh dimarahi lex caca saja kapok gabisa dibohongin kalau tentang cinta tetapi kenapa tentang lainnya kamu bege iya susah banget disuruh tidur atau makan my manusia diary yang kita dekat tidak tahu gara gara,"Bacotnya parah, galak banget kalau sudah marah. Nggak mau deh dimarahin lagi sama Lex. Caca aja kapok. Nggak bisa dibohongi soal cinta, tapi kenapa soal yang lain kamu bandel banget, ya? Susah banget disuruh tidur atau makan. My human diary, kita dekat tapi nggak tahu kenapa begini",bacotnya parah galak sekali kalau sudah marah tidak ingin deh dimarahi sedang sama lex caca saja kapok tidak bisa dibohongi soal cinta tetapi kenapa soal yang lain kamu bandel banget iya susah sekali disuruh tidur atau makan my manusia diary kita dekat tetapi tidak tahu kenapa begini,"talk a lot, really fierce when angry, don't let Lex get angry, Caca is fed up, you can't lie to him when it comes to love, but why are you so stupid when it comes to other things? It's really hard to get him to sleep or eat, my human diary, we don't know why","His mouth is terrible, he's really fierce when he's angry. I don't want to be scolded by Lex anymore. Caca is fed up. I can't lie about love, but why are you so stubborn about other things? It's really hard to get him to sleep or eat. My human diary, we're close but I don't know why it's like this","Your mouth is really fierce, you don't want to be scolded when you're angry, even with Lex Caca, you're fed up, you can't lie to him about love, but why are you so stubborn about other things? Yes, it's really hard to get him to sleep or eat, my human diary, we're close but I don't know why it's like this"
fear,"[USERNAME] nyabutnya santae aja pake jari asal jgn kena kuku. beli softlennya yg emg bagus dan jelas. dulu ku pernah beli soflen di tmn cuma yg warna22an gt biasanya item. terus lg gangapa22in ujug22 gatel perih etaunya robek :,( untung cepet22 dikeluari",nyabutnya santae saja pakai jari asal jangan kena kuku beli softlennya yang memang bagus dan jelas dulu aku pernah beli softlense di teman cuma yang warna an begitu biasanya hitam terus sedang gangapa ini ujug gatal perih etaunya robek untung cepat dikeluari,@[USERNAME] nyabutnya santai saja pakai jari asal jangan kena kuku. beli softlens yang memang bagus dan jelas. dulu ku pernah beli softlens di teman cuma yang warna-warni gitu biasanya item. terus lagi gangapain itu ujung-ujungnya gatel perih ketahuan robek :( untung cepat-cepat dikeluarkan,nyabutnya santai saja pakai jari asal jangan kena kuku beli softlens yang memang bagus dan jelas dulu aku pernah beli softlens di teman cuma yang warna warni begitu biasanya hitam terus sedang tidak berbuat apa-apa itu ujung ujungnya gatal perih ketahuan robek untung cepat cepat di keluar kan,"Just pull it out with your fingers, but don't touch your nails. Buy soft lenses that are good and clear. I once bought soft lenses from a friend, but they were usually black and then I got them and they ended up itchy and sore, or they tore. Luckily they were taken out quickly.","@[USERNAME] just pull it out with your finger but don't touch your nails. Buy contact lenses that are good and clear. I used to buy contact lenses from a friend but the colored ones were usually black. Then what do I do, in the end it's itchy and sore when I find out it's torn :( luckily I took it out quickly","Pull it out casually using your fingers as long as it doesn't touch your nails. Buy good, clear contact lenses. I once bought contact lenses from a friend, but the colored ones were usually black. If I didn't do anything, it would end up itchy and sore. If I found out it was torn, luckily I took it out quickly."
fear,Hanya mampu retweet bagi peminat cerita seram tengok je lah. Saya penakut. Kalau tengok kat wayang ni dengar suara aku sorang je menjerit walaupun tutup mata,hanya mampu retweet bagi peminat cerita seram tengok je lah saya penakut kalau tengok kat wayang ini dengar suara saya seorang je menjerit walaupun tutup mata,Hanya mampu retweet bagi peminat cerita seram tengok saja. Saya penakut. Kalau tengok di wayang ini dengar suara aku sorang saja menjerit walaupun tutup mata,hanya mampu retweet bagi peminat cerita seram tengok saja saya penakut kalau tengok di wayang ini dengar suara saya seorang saja menjerit walaupun tutup mata,"can only retweet for those who are interested in scary stories, look at me, I'm scared if I look at this wayang, I can hear my voice screaming even if I close my eyes","Only able to retweet for those who are interested in scary stories. I'm scared. If you look at this puppet, you can hear the sound of me screaming even though I close my eyes","can only retweet for those who are interested in scary stories, just look, I'm scared when I look at this wayang, I hear my voice, someone screams even though they close their eyes"
love,"Haha, tiap hari juga kamu selalu terpesona dan semakin terpesona sama aku kkk~",tertawa tiap hari juga kamu selalu terpesona dan semakin terpesona sama saya ,"Haha, setiap hari juga kamu selalu terpesona dan semakin terpesona sama aku hehe",tertawa setiap hari juga kamu selalu terpesona dan semakin terpesona sama saya he,laughing every day you are always fascinated and more and more fascinated by me,"Haha, every day you are always fascinated and increasingly fascinated by me hehe",laugh every day also you are always fascinated and more and more fascinated by me he
fear,Apa yang akan kamu lakukan jika ada singa masuk ke rumahmu? nyuruh singanya makan kau. biar mati kenak makan singa. uh ngeri ya off anonla m h e h e,apa yang akan kamu lakukan jika ada singa masuk ke rumahmu Suruh singa nya makan kau biar mati kenak makan singa uh negeri iya off anonla sama h e h e,"Apa yang akan kamu lakukan jika ada singa masuk ke rumahmu? Menyuruh singanya makan kamu, biar mati kenak makan singa. Uh, ngeri ya...",apa yang akan kamu lakukan jika ada singa masuk ke rumahmu menyuruh singa nya makan kamu biar mati kenak makan singa uh negeri iya,what would you do if a lion came into your house Tell the lion to eat you so you die so you can eat the lion uh country yeah off anonla same h e h e,"What would you do if a lion came into your house? Tell the lion to eat you, so that the lion will eat you and die. Ugh, that's scary...",what would you do if a lion came into your house and told the lion to eat you so you would die and be eaten by the lion uh yes
love,"Kalo udah sayang beneran itu mau dihadapkan sama cowok yang lebih tajir +++, ganteng +++, pinter +++, serba +++, dll itu pasti bakalan tetep ga mau berpindah",kalau sudah sayang benar itu ingin dihadapkan sama cowok yang lebih kaya ganteng pintar serba dan lain itu pasti akan tetap tidak ingin berpindah,"Kalau sudah sayang benaran itu mau dihadapkan sama cowok yang lebih tajir, ganteng, pinter, serba positif, dan lain-lain itu pasti bakalan tetap tidak mau berpindah",kalau sudah sayang benaran itu ingin dihadapkan sama cowok yang lebih kaya ganteng pintar serba positif dan lain lain itu pasti akan tetap tidak ingin berpindah,"If you really love someone and want to be faced with a guy who is richer, more handsome, smarter and so on, you definitely won't want to move.","If you really love someone, if you are faced with a guy who is richer, more handsome, smarter, more positive, etc., you will definitely not want to move.","If you really love someone, you want to be faced with a guy who is richer, more handsome, smart, positive, etc., you will definitely not want to move."
fear,"[USERNAME] Lagi main di rumah temen tuh. Pas pipis liat cd udah merah gitu. Langsung izin pulang bilangnya mendadak sakit Pas sampe rumah bilang, ""itu""kakak berdarah mah. Takut. Soalnya emang pas main jatuh. Pas diliat dibilang mens. Hue besoknya pe",sedang main di rumah teman tuh pas kencing lihat cd sudah merah begitu langsung izin pulang katanya mendadak sakit pas sampai rumah bilang itu kakak berdarah mah takut sebab memang pas main jatuh pas dilihat dibilang mens hue besoknya pe,"[USERNAME] Lagi main di rumah temen tuh. Pas pipis, lihat celana dalam udah merah gitu. Langsung izin pulang, bilangnya mendadak sakit. Pas sampai rumah bilang, 'Itu, Kak, berdarah, mah. Takut.' Soalnya emang pas main jatuh. Pas dilihat, dibilang mens. Huh, besoknya pusing.",sedang main di rumah teman tuh pas kencing lihat celana dalam sudah merah begitu langsung izin pulang katanya mendadak sakit pas sampai rumah bilang itu kakak berdarah mah takut sebab memang pas main jatuh pas dilihat dibilang mens apa besoknya pusing,"I was playing at a friend's house when I peed and saw that my underwear was red so I immediately asked permission to go home and said I suddenly felt sick when I got home I said my sister was bleeding because I was scared because I fell when I was playing and when I looked at it, I said she was menstruating the next day.","[USERNAME] I was playing at my friend's house. When I peed, I saw that my underwear was already red. I immediately asked permission to go home, saying that I suddenly felt sick. When I got home, I said, 'That, Sis, is bleeding. I was scared.' Because I fell while playing. When I looked, I said it was my period. Huh, the next day I had a headache.","I was playing at a friend's house when I peed and saw that my underwear was red so I immediately asked permission to go home and said that I suddenly felt sick. When I got home, I said that my sister was bleeding. I was scared because I fell while playing. When I looked, I said that I was menstruating or that the next day I would have a headache."
love,SATU LAGI KALIAN DUA AKUN BASE YANG PALING AKU SAYANG. YANG PALING BISA MENGINGATKAN SATU SAMA LAIN. DAN MAKASIH BANYAK BUAT ADMIN2NYAAA ILY ILY ILY I PURPLE YOU! [USERNAME] [USERNAME] [USERNAME],satu sedang kalian dua akun base yang paling saya sayang yang paling bisa mengingatkan satu sama lain dan makasih banyak buat admin ny saya cinta kamu saya cinta kamu saya cinta kamu i purple kamu,SATU LAGI KALIAN DUA AKUN BASE YANG PALING AKU SAYANG. YANG PALING BISA MENGINGATKAN SATU SAMA LAIN. DAN MAKASIH BANYAK BUAT ADMIN-ADMINNYA I LOVE YOU I LOVE YOU I LOVE YOU I PURPLE YOU!,satu sedang kalian dua akun base yang paling saya sayang yang paling bisa mengingatkan satu sama lain dan makasih banyak buat admin adminnya i cinta kamu i cinta kamu i cinta kamu i purple kamu,one while you two are the base accounts that I love the most who can remind each other the most and thank you very much for the admin I love you I love you I love you I purple you,"ONE MORE TIME, YOU ARE THE TWO BASE ACCOUNTS THAT I LOVE THE MOST. THE ONE THAT CAN REMIND EACH OTHER THE MOST. AND THANK YOU SO MUCH FOR THE ADMINS I LOVE YOU I LOVE YOU I LOVE YOU I PURPLE YOU!",one while you two base accounts that I love the most who can remind each other the most and thank you very much for the admin admin i love you i love you i love you i purple you
fear,[USERNAME] libur tapi ini tugas dikumpulin senin aq takut kalo tida selesai p.s sekali lagi ngirim foto yoongi yang macem gituan AQ BLOCK p.s.s SAME ENERGY WITH THIS PICT DJKDDJDLDL [URL],libur tetapi ini tugas dikumpulin senin saya takut kalau tidak selesai p si sekali sedang mengirim foto yoongi yang macam begitu saya block p si si sama energy dengan this pict djkddjdldl,"Libur, tapi ini tugas dikumpulin Senin, aku takut kalau nggak selesai. Sekali lagi ngirim foto Yoongi yang macem gituan, AKU BLOKIR. P.S.S. SAME ENERGY WITH THIS PICTURE.",libur tetapi ini tugas dikumpulin senin saya takut kalau tidak selesai sekali sedang mengirim foto yoongi yang macam begituan saya blokir p si si sama energy dengan this foto,holiday but this assignment is due on Monday I'm afraid if it's not finished p si once sent a photo of Yoongi like that I blocked p si si and energy with this pict djkddjdldl,"Holiday, but this assignment is due on Monday, I'm afraid it won't be finished. If you send Yoongi's photos like that again, I'LL BLOCK YOU. P.S.S. SAME ENERGY WITH THIS PICTURE.",holiday but this assignment is due on Monday I'm afraid if it's not finished once I'm sending photos of Yoongi like that I'll block p si si and energy with this photo
anger,"[USERNAME] [USERNAME] bisa juga dengan sepatah awalan di depan kalimat: ""makanya.........."" ""Kan udah gue bilang......."" ""Ngotot sih dikasih tau......"" ""Pala batu sih....."" Et cetera~",bisa juga dengan sepatah awalan di depan kalimat makanya kan sudah saya bilang keras kepala sih dikasih tahu kepala batu sih et cetera,"[USERNAME] [USERNAME] bisa juga dengan sepatah awalan di depan kalimat: ""makanya.........."" ""Kan udah gue bilang......."" ""Ngotot sih dikasih tau......"" ""Pala batu sih....."" Et cetera ~",bisa juga dengan sepatah awalan di depan kalimat makanya kan sudah saya bilang keras kepala sih dikasih tahu kepala batu sih et cetera,"It can also be done with a prefix in front of the sentence, that's why I said stubborn, but if you tell me you're stubborn, that's it","[USERNAME] [USERNAME] can also be used with a prefix at the front of the sentence: ""That's why.........."" .."" ""Stone nut anyway....."" Et cetera ~","It can also be done with a prefix in front of the sentence, that's why I said stubborn, but if you tell me you're stubborn, that's it"
sadness,"*Ngbrol masalah gaji* Atasan aing : waktu itu gmna sih ndre detail gajimu? Yg di jelasin pak **** Aing: gatau pak, saya nanyain gaji aja malah di marahin Atasan aing:....... Aing:......... SAVAGE *langsung ada backsound mobile legend",ngbrol masalah gaji atasan saya waktu itu bagaimana sih ndre detail gajimu yang di jelasin pak saya tidak tahu pak saya menanyakan gaji saja bahkan di marahin atasan saya saya savage langsung ada backsound mobile legend,"""Ngebrol masalah gaji. Atasan saya: waktu itu gimana sih ndre detail gajimu? Yang dijelasin pak ****. Saya: gatau pak, saya nanyain gaji aja malah dimarahin. Atasan saya:....... Saya:....... SAVAGE *langsung ada backsound Mobile Legend.""",ngebrol masalah gaji atasan saya waktu itu bagaimana sih ndre detail gajimu yang dijelasin pak saya tidak tahu pak saya menanyakan gaji saja bahkan dimarahi atasan saya saya savage langsung ada backsound mobile legend,"chatting about my boss's salary at that time, how was it, sir, the details of your salary that you explained, I don't know, sir, I only asked about the salary, even though my boss got angry, I went savage and there was a Mobile Legend soundtrack","""Chatting about salary. My boss: at that time, how was your salary in detail? Mr. **** explained it. Me: I don't know, sir, I asked about my salary but he got angry. My boss:....... Me:....... SAVAGE *Mobile Legend soundtrack immediately appears.""","chatting about my boss's salary at that time, how was it, sir, what was the detail of your salary that you explained, sir, I don't know, sir, I only asked about the salary, even my boss scolded me, I went savage, there was a Mobile Legend backsound"
sadness,"Gue pun juga ngatain sesama perempuan, memutus rantai akan julit emang susah owislah~~ ibarate sego uwis dadi bubur~ flying money money",saya pun juga mengutuk sesama perempuan memutus rantai akan iri memang susah owislah ibarat nya sego uwis dadi bubur flying money money,"Aku pun juga mengatakan sesama perempuan, memutus rantai akan julit memang susah. ibarat sego sudah jadi bubur. flying money money",saya pun juga mengatakan sesama perempuan memutus rantai akan iri memang susah ibarat sego sudah jadi bubur flying money money,"I also curse fellow women, breaking the chain of envy is indeed difficult, it's like rice porridge becomes flying money money","I also said to fellow women, breaking the chain of being squished is indeed difficult. It's like rice that has become porridge. flying money money","I also said that breaking the chain of envy among women is indeed difficult, like rice that has become porridge, flying money money"
anger,"Kasus via Vallen, itu juga sering terjadi kok, dari yang gue kenal orang nya sampai gk gue kenal orang nya, sering bertebaran gambar t*t*t di DM gue , messenger, WA lah yg gue lakukan block, block or report akun nya, kelar",kasus via vallen itu juga sering terjadi kok dari yang saya kenal orang nya sampai tidak saya kenal orang nya sering bertebaran gambar t t t di pesan langsung saya messenger saya lah yang saya lakukan block block atau laporan akun nya selesai,"Kasus Via Vallen, itu juga sering terjadi kok, dari yang gua kenal orangnya sampai enggak gua kenal orangnya, sering bertebaran gambar t*t*t di Direct Message gua, messenger, WhatsApp lah yang gua lakukan block, block or report akunnya, kelar",kasus via vallen itu juga sering terjadi kok dari yang saya kenal orangnya sampai tidak saya kenal orangnya sering bertebaran gambar t t t di direct message saya messenger whatsapp lah yang saya lakukan block block atau laporan akunnya selesai,"The case of Via Vallen also often happens, from people I know to people I don't know, there are often pictures of t t t scattered in my direct messages on Messenger, I'm the one who blocks or reports the account, it's finished","Via Vallen's case, it also happens often, from people I know to people I don't know, there are often pictures of t*t*t scattered in my Direct Message, messenger, WhatsApp, I block, block or report the account, finished","The case of Via Vallen also often happens, from people I know to people I don't know, there are often pictures of t t t scattered in my direct message on WhatsApp Messenger, what I do is block or report the account, it's finished"
fear,aku takut dngn smua bnda.. ap y bkl trjadi ap y tgh tjadi kat sekeliling aku.. aku takut dngn diri sndiri.. hate this feeling.. just wanna die rn.. fml,saya takut dengan semua benda apa ya bakal terjadi apa ya tengah tjadi kat sekeliling aku saya takut dengan diri sendiri benci this feeling hanya ingin mati rn fml,aku takut dengan semua benda.. apa yang bakal terjadi apa yang tengah berlaku di sekeliling aku.. aku takut dengan diri sendiri.. hate this feeling.. just wanna die right now.. family,saya takut dengan semua benda apa yang bakal terjadi apa yang tengah berlaku di sekeliling aku saya takut dengan diri sendiri benci this feeling hanya ingin mati right now keluarga,"I'm afraid of everything, what will happen, what is happening around me, I'm afraid of myself, hate this feeling, I just want to die rn fml","I'm afraid of everything.. what will happen, what is happening around me.. I'm afraid of myself.. hate this feeling.. just want to die right now.. family","I'm afraid of everything, what will happen, what is happening around me, I'm afraid of myself, hate this feeling, I just want to die, right now, family"
anger,"[USERNAME] [USERNAME] [USERNAME] Dan lebihnya speak up itu dikatain lebay, cari sensasi dsb Mereka ga mikir, kalo mau speak up itu butuh keberanian, karna sebenernya pelecehan itu aib tp kalo ga speak up itu orang jg ga bakal jera, ga ngerasa mal",dan lebihnya berbicara up itu di katain berlebihan cari sensasi dan sebagainya mereka tidak pikir kalau ingin berbicara up itu butuh keberanian karena sebenarnya pelecehan itu aib tetapi kalau tidak berbicara up itu orang juga tidak bakal jera tidak merasa mal,"[USERNAME] [USERNAME] [USERNAME] Dan lebihnya speak up itu dikatain lebay, cari sensasi dan lain sebagainya. Mereka tidak mikir, kalau mau speak up itu butuh keberanian, karena sebenarnya pelecehan itu aib tapi kalau tidak speak up itu orang juga tidak bakal jera, tidak merasa mal",dan lebihnya berbicara up itu di katain berlebihan cari sensasi dan lain sebagainya mereka tidak pikir kalau ingin berbicara up itu butuh keberanian karena sebenarnya pelecehan itu aib tetapi kalau tidak berbicara up itu orang juga tidak bakal jera tidak merasa mal,"and moreover speaking up is said to be excessive, seeking sensation and so on, they don't think that if they want to speak up, it takes courage because actually harassment is a disgrace, but if they don't speak up, people won't be deterred and won't feel embarrassed.","[USERNAME] [USERNAME] [USERNAME] And moreover speaking up is said to be over the top, seeking sensation and so on. They don't think, if you want to speak up it takes courage, because actually harassment is a disgrace but if you don't speak up people won't be deterred, they won't feel embarrassed.","and moreover speaking up is said to be excessive, seeking sensation and so on, they don't think that if they want to speak up, it takes courage because actually harassment is a disgrace, but if they don't speak up, people won't be deterred and won't feel embarrassed."
love,"[USERNAME] HYUNMIN DOOONG!! MEREKA ITU RACUN BANGET KE GUEEE! KAPAL YANG PALING TULUS, KAPAL YANG PALING ROMANTIS BAGI GUE, MOMENT KECIL YANG MEREKA BUAT AJA UDAH BIKIN GONJANG-GANJING BODO AMAT DISINDIR SINDIR KAPAL LAIN WQWQWQ~ GUE SAYANG KAPAL INI T",hyunmin dng mereka itu racun sekali ke gu kapal yang paling tulus kapal yang paling romantis bagi saya momen kecil yang mereka buat saja sudah buat gonjang ganjing bodo sangat disindir sindir kapal lain wqwqwq saya sayang kapal ini t,"HYUNMIN DONG!! MEREKA ITU RACUN BANGET KE GUE! KAPAL YANG PALING TULUS, KAPAL YANG PALING ROMANTIS BAGI GUE, MOMENT KECIL YANG MEREKA BUAT AJA UDAH BIKIN GONJANG-GANJING BODO AMAT DISINDIR-SINDIR KAPAL LAIN WQWQWQ~ GUE SAYANG KAPAL INI T",hyunmin dong mereka itu racun sekali ke saya kapal yang paling tulus kapal yang paling romantis bagi saya momen kecil yang mereka buat saja sudah buat gonjang ganjing bodo sangat disindir sindir kapal lain wqwqwq saya sayang kapal ini t,hyunmin and ng they are very poisonous to me the most sincere ship the most romantic ship for me the little moments they create are already making me excited no matter how much they criticize other ships wqwqwq I love this ship t,"HYUNMIN DONG!! THEY ARE REALLY POISON TO ME! THE MOST SINCERE SHIP, THE MOST ROMANTIC SHIP FOR ME, JUST THE SMALL MOMENTS THEY CREATE ALREADY MAKES YOU STUPID SHIT, IT'S SO MUCH INDICATED TO OTHER SHIPS WQWQWQ~ I LOVE THIS SHIP T",Hyunmin dong they are so poisonous to me the most sincere ship the most romantic ship for me the little moments they create are already making me excited no matter how much they criticize other ships wqwqwq I love this ship t
sadness,pusing qlo gini pilih yang mana qlo gini (at pt airmas asri),pusing qlo begini pilih yang mana qlo begini at perseroan terbatas air mas asri,"Pusing sekali begini, pilih yang mana begini. (di PT Airmas Asri)",pusing sekali begini pilih yang mana begini di perseroan terbatas air mas asri,"I'm dizzy if it's like this, which one do I choose if it's like this at air mas asri limited liability company","It's so confusing, which one to choose like this. (at PT Airmas Asri)",It's so confusing to choose which one like this at Air Mas Asri Limited Liability Company
happy,"Kalian kerja qeras bagay quda banget yaa buat kambek kali ini T.T Baiklah, besok2 streaming melon ama mv nya lebih semangaaatttzzzsss yaaaaa [USERNAME] :""""""""""""""""))))))",kalian kerja qeras bagay kuda sekali ya buat kembali kali ini t t baik lah besok streaming melon sama mv nya lebih semang yaa,"Kalian kerja keras banget ya buat comeback kali ini. Baiklah, besok streaming Melon ama MV-nya lebih semangat ya! [USERNAME] :""))))))",kalian kerja keras sekali iya buat eback kali ini baik lah besok streaming melon sama mv nya lebih semangat iya,You guys work really hard like horses to come back this time t t okay tomorrow streaming melon and the MV will be more enthusiastic okay aa,"You guys worked really hard for this comeback. Alright, tomorrow's Melon streaming and MV will be more exciting! [USERNAME] :""))))))","You guys worked really hard for this eback, okay, tomorrow I'll stream melon and the MV with more enthusiasm, okay?"
