Label,Raw_tweet,Cleaned_Traditional,Cleaned_GPT,Cleaned_GPT+Traditional,Translated_Cleaned_Traditional,Translated_Cleaned_GPT,Translated_Cleaned_GPT+Traditional,Translated_Traditional,Translated_GPT,Translated_GPT+Traditional
sadness,"Yang menyedihkan lagi ada yang menganggap Via Vallen itu nggak merasa di lecehkan amat, malah mau naik pamor demi mencapai Keviralan dan itu diungkapkan oleh seorang W.A.N.I.T.A Addeh, udah jadi korban, sesama Wanita pula. Padahal normalnya harus saling dukung, saling empati [URL]",yang menyedihkan sedang ada yang menganggap via vallen itu tidak merasa di melecehkan sangat bahkan ingin naik pamor demi mencapai keviralan dan itu diungkapkan oleh seorang saya a dan i t a addeh sudah jadi korban sesama wanita pula padahal normalnya harus saling dukung saling empati,"Yang menyedihkan lagi ada yang menganggap Via Vallen itu tidak merasa dilecehkan amat, malah mau naik pamor demi mencapai keviralan dan itu diungkapkan oleh seorang wanita Aduhh, sudah jadi korban, sesama wanita pula. Padahal normalnya harus saling dukung, saling empati.",yang menyedihkan sedang ada yang menganggap via vallen itu tidak merasa dilecehkan sangat bahkan ingin naik pamor demi mencapai keviralan dan itu diungkapkan oleh seorang wanita aduh sudah jadi korban sesama wanita pula padahal normalnya harus saling dukung saling empati,The sad thing is that there are those who think that Via Vallen does not feel that it is harassing it even wants to go up in order to achieve the viscosity and it is revealed by a person I and I addeh has become a victim of fellow women even though it is normally having to support each other empathy each other empathy,"The sad thing is that there are those who think that Via Vallen does not feel very harassed, instead he wants to ride prestige in order to achieve the viscosity and it is expressed by a woman fantastic, already a victim, fellow women too.Though normally must support each other, empathy.","The sad thing is that there are those who think that Via Vallen does not feel harassed, even want to go up in prestige in order to achieve the vitality and it is revealed by a woman, which is a victim of fellow women, even though it must normally support each other empathy each other",The sad thing is that there are those who think that Via Vallen does not feel that it is harassing it even wants to go up in order to achieve the viscosity and it is revealed by a person I and I addeh has become a victim of fellow women even though it is normally having to support each other empathy each other empathy,Error: 'Translator' object has no attribute 'raise_Exception',"The sad thing is that there are those who think that Via Vallen does not feel harassed, even want to go up in prestige in order to achieve the vitality and it is revealed by a woman, which is a victim of fellow women, even though it must normally support each other empathy each other"
anger,"Iya nih anjing, manusia pada lebay muak gua liatnya",iya nih anjing manusia pada berlebihan muak saya liat nya,"Iya nih anjing, manusia pada lebay muak gua liatnya",iya nih anjing manusia pada berlebihan muak saya liat nya,"yes, this human dog is excessive I see it","Yes, dogs, humans are fed up",Error: 'Translator' object has no attribute 'raise_Exception',"yes, this human dog is excessive I see it","Yes, dogs, humans are fed up",Error: 'Translator' object has no attribute 'raise_Exception'
anger,samanye udeh maling semua gak si jancok gak si anjing gak si siluman monyet hahahahaha SATU HATI SAMA SAMA MALING !!!!,samanye sudah maling semua tidak sih jancok tidak sih anjing tidak sih siluman monyet haha satu hati sama sama maling,samanya udah maling semua gak si jancok gak si anjing gak si siluman monyet hahahahaha SATU HATI SAMA SAMA MALING !!!!,samanya sudah maling semua tidak sih jancok tidak sih anjing tidak sih siluman monyet haha satu hati sama sama maling,"samanye is already a thief, not all the jancok is not a dog, a monkey demon haha ​​one heart with a thief","the same is already a thief, all the jancok or not the dog is or not the monkey is hahahahaha one heart with the thief !!!!","the same is already a thief, all of them are not jancok, the dog is not a monkey stealth haha ​​one heart with a thief",Error: 'Translator' object has no attribute 'raise_Exception',"the same is already a thief, all the jancok or not the dog is or not the monkey is hahahahaha one heart with the thief !!!!","the same is already a thief, all of them are not jancok, the dog is not a monkey stealth haha ​​one heart with a thief"
anger,samanye udeh maling semua gak si jancok gak si anjing gak si siluman monyet hahahahaha SATU HATI SAMA SAMA MALING !!!!,samanye sudah maling semua tidak sih jancok tidak sih anjing tidak sih siluman monyet haha satu hati sama sama maling,samanya udah maling semua gak si jancok gak si anjing gak si siluman monyet hahahahaha SATU HATI SAMA SAMA MALING !!!!,samanya sudah maling semua tidak sih jancok tidak sih anjing tidak sih siluman monyet haha satu hati sama sama maling,"samanye is already a thief, not all the jancok is not a dog, a monkey demon haha ​​one heart with a thief",Error: 'Translator' object has no attribute 'raise_Exception',Error: 'Translator' object has no attribute 'raise_Exception',"samanye is already a thief, not all the jancok is not a dog, a monkey demon haha ​​one heart with a thief",Error: 'Translator' object has no attribute 'raise_Exception',"the same is already a thief, all of them are not jancok, the dog is not a monkey stealth haha ​​one heart with a thief"
anger,JILBABER BAJU NATAL NORAK & ANJING2 KALIAN SDH MNYAMBUT DI HOTEL WAHAI INTEL SETAN [USERNAME] [USERNAME] APEP AHMAD TARDIYANA URBANE ANJING !! INI AJA POLA ULAH INTEL BUSUK LO NGIKUTIN ORG KEMNPUN TAEKKKK !! ALAT TEROR BNGSAT LAGI2 KALIAN PASANG DI KAMAR KERJASAMA DGN HOTEL TAEK!,orang berhijab baju natal norak anjing kalian sudah mnyambut di hotel wahai intel setan apep ahmad tardiyana urbane anjing ini saja pola ulah intel busuk kamu mengikuti orang kemana pun taek alat teror bangsat sedang kalian pasang di kamar kerja sama dengan hotel tahi,JILBABER BAJU NATAL NORAK & ANJING-ANJING KALIAN SUDAH MENYAMBUT DI HOTEL WAHAI INTELSETAN [USERNAME] [USERNAME] APEP AHMAD TARDIYANA URBANE ANJING!! INI SAJA POLA ULAH INTEL BUSUK LO NGIKUTIN ORANG KEMANA PUN TAEKKKK!! ALAT TEROR BANGSAT LAGI-LAGI KALIAN PASANG DI KAMAR KERJASAMA DENGAN HOTEL TAEK!,orang berhijab baju natal norak anjing anjing kalian sudah menyambut di hotel wahai intelsetan apep ahmad tardiyana urbane anjing ini saja pola ulah intel busuk kamu mengikuti orang kemana pun taek alat teror bangsat sedang sedang kalian pasang di kamar kerja sama dengan hotel tahi,"People wearing the hijab of your dog's tacky Christmas clothes have been welcomed at the hotel, O Apep devil apep Ahmad Tardiyana Urbane, this dog is just a pattern of intelligence you follow people wherever you are in the terrorist tool, you are installed in a workplace with the Tahi Hotel","Norak Christmas Jilbaber & Dogs You have welcomed at the hotel, O Intelligence [Username] [Username] Apep Ahmad Tardiyana Urbane Dog !!This is just the pattern of intelligence intelligence you follow people wherever taekkkk !!Terror tools for a bastard again you put in the collaboration room with the Taek Hotel!","People wearing a dog's tacky dog ​​hijab, your dog has welcomed at the hotel, Opesetan, Apep Ahmad Tardiyana Urbane, this dog is just a pattern of intelligence, you follow people wherever Tae K K is a bastard terrorist, you are installing in a workplace with the Tahi Hotel","People wearing the hijab of your dog's tacky Christmas clothes have been welcomed at the hotel, O Apep devil apep Ahmad Tardiyana Urbane, this dog is just a pattern of intelligence you follow people wherever you are in the terrorist tool, you are installed in a workplace with the Tahi Hotel",Error: 'Translator' object has no attribute 'raise_Exception',"People wearing a dog's tacky dog ​​hijab, your dog has welcomed at the hotel, Opesetan, Apep Ahmad Tardiyana Urbane, this dog is just a pattern of intelligence, you follow people wherever Tae K K is a bastard terrorist, you are installing in a workplace with the Tahi Hotel"
fear,Smg bsk ud ada pengumuman baik ya Allah amin lancarkanlah segalanya bener2 deh judulnya skrg tuh w dipenuhi ketidak pastian dan penantian huhuhu bener2 dr berbagai aspek bs tenang aja ga si ni idup,semoga besok sudah ada pengumuman baik iya allah amin lancarkan lah segalanya benar benar deh judulnya sekarang tuh saya dipenuhi ketidak pastian dan penantian huhuhu benar benar dari berbagai aspek bisa tenang saja tidak sih ini hidup,"Semoga besok sudah ada pengumuman baik. Ya Allah, amin. Lancarkanlah segalanya benar-benar deh. Judulnya sekarang tuh sudah dipenuhi ketidakpastian dan penantian. Huhuhu, benar-benar dari berbagai aspek bisa tenang aja ga sih ini hidup.",semoga besok sudah ada pengumuman baik iya allah amin lancarkan lah segalanya benar benar deh judulnya sekarang tuh sudah dipenuhi ketidakpastian dan penantian huhuhu benar benar dari berbagai aspek bisa tenang saja tidak sih ini hidup,Hopefully tomorrow there will be a good announcement yes Allah Amen launched everything really really the title now I am filled with uncertainty and waiting huhuhu really from various aspects can be calm or not this is alive,"Hopefully tomorrow there will be a good announcement.O Allah, Amen.Load everything really.The title is now filled with uncertainty and waiting.Huhuhu, really from various aspects can be calm or not this is alive.","Hopefully tomorrow there will be a good announcement yes Allah Amen launch everything really really the title now has been filled with uncertainty and the wait huhuhu is really from various aspects can be calm, this is not alive",Hopefully tomorrow there will be a good announcement yes Allah Amen launched everything really really the title now I am filled with uncertainty and waiting huhuhu really from various aspects can be calm or not this is alive,"Hopefully tomorrow there will be a good announcement.O Allah, Amen.Load everything really.The title is now filled with uncertainty and waiting.Huhuhu, really from various aspects can be calm or not this is alive.","Hopefully tomorrow there will be a good announcement yes Allah Amen launch everything really really the title now has been filled with uncertainty and the wait huhuhu is really from various aspects can be calm, this is not alive"
love,"kalo dokter dipanggilnya ""dok"" - kalo suster dipanggilnya ""sus"" - nah kalo apoteker? ""ap"", ""tek"", ato ""ker"" ?. Iya juga yah, bingung. Aku pribadi sih lbh seneng kamu panggil ""sayang"", it warms ma heart",kalau dokter dipanggilnya dok kalau suster dipanggilnya sus nah kalau apoteker apa tek atau ker iya juga ya bingung saya pribadi sih lebih senang kamu panggil sayang itu hangat sama heart,"kalo dokter dipanggilnya ""dok"" - kalo suster dipanggilnya ""sus"" - nah kalo apoteker? ""apoteker"", ""apotek"", atau ""ker"" ?. Iya juga yah, bingung. Aku pribadi sih lebih senang kamu panggil ""sayang"", it warms my heart",kalau dokter dipanggilnya dok kalau suster dipanggilnya sus nah kalau apoteker apoteker apotek atau ker iya juga ya bingung saya pribadi sih lebih senang kamu panggil sayang itu hangat my heart,"If the doctor is called the doc if the nurse is called Sus, if the pharmacist is Tek or Ker, yes, yes, I'm confused, I personally prefer you to call dear, it's warm with Heart","if the doctor is called ""doc"" - if the nurse is called ""sus"" - well if the pharmacist?""Pharmacists"", ""Pharmacy"", or ""Ker""?Yes, well, confused.I personally prefer you to call ""dear"", it warms my heart","If the doctor is called the doc, if the nurse is called Sus, if the pharmacist pharmacist pharmacist or ker yes, yes, yes, I'm confused, I personally feel like you're happy to call it warm my heart","If the doctor is called the doc if the nurse is called Sus, if the pharmacist is Tek or Ker, yes, yes, I'm confused, I personally prefer you to call dear, it's warm with Heart",Error: 'Translator' object has no attribute 'raise_Exception',"If the doctor is called the doc, if the nurse is called Sus, if the pharmacist pharmacist pharmacist or ker yes, yes, yes, I'm confused, I personally feel like you're happy to call it warm my heart"
happy,Kita semua mengaturkan kesuwun yg se-tinggi2nya kpd pakjokowi n kabinet dgn kinerja yg super bnget utk kemakmuran rakyat,kita semua mengaturkan kesuwun yang se tinggi nya kepada pak jokowi dan kabinet dengan kinerja yang super sangat untuk kemakmuran rakyat,Kita semua mengucapkan terima kasih yang setinggi-tingginya kepada Pak Jokowi dan kabinet dengan kinerja yang sangat baik untuk kemakmuran rakyat.,kita semua mengucapkan terima kasih yang setinggi tingginya kepada pak jokowi dan kabinet dengan kinerja yang sangat baik untuk kemakmuran rakyat,We all describe the Kesuwun who is high to Mr. Jokowi and the cabinet with super performance very for the prosperity of the people,Error: 'Translator' object has no attribute 'raise_Exception',Error: 'Translator' object has no attribute 'raise_Exception',We all describe the Kesuwun who is high to Mr. Jokowi and the cabinet with super performance very for the prosperity of the people,We all thank the highest gratitude to Mr. Jokowi and the cabinet with excellent performance for the prosperity of the people.,Error: 'Translator' object has no attribute 'raise_Exception'
happy,"Berharap suatu saat nanti difilmkan seperti ""The 33"". Judulnya ""The 13"" mungkin. The coach, kids, dan semua orang yg terlibat aksi penyelamatan. Bener2 Faith In Humanity Restored. Terharu. #ThaiCaveRescue [URL]",berharap suatu saat nanti difilmkan seperti the judulnya the mungkin the coach kids dan semua orang yang terlibat aksi penyelamatan benar benar faith ini humanity restored terharu thaicaverescue,"Berharap suatu saat nanti difilmkan seperti ""The 33"". Judulnya ""The 13"" mungkin. The coach, kids, dan semua orang yang terlibat aksi penyelamatan. Benar-benar Faith In Humanity Restored. Terharu. #ThaiCaveRescue [URL]",berharap suatu saat nanti difilmkan seperti the judulnya the mungkin the coach kids dan semua orang yang terlibat aksi penyelamatan benar benar faith ini humanity restored terharu thaicaverescue,Hoping that someday will be filmed like the title The Coach Kids and everyone involved in the rescue action is truly Faith.,"Hoping someday will be filmed like ""The 33"".The title is ""The 13"" maybe.The Coach, Kids, and everyone involved in the rescue action.Really faith in humanity restored.Moved.#ThaicaveScue [URL]",Error: 'Translator' object has no attribute 'raise_Exception',Hoping that someday will be filmed like the title The Coach Kids and everyone involved in the rescue action is truly Faith.,"Hoping someday will be filmed like ""The 33"".The title is ""The 13"" maybe.The Coach, Kids, and everyone involved in the rescue action.Really faith in humanity restored.Moved.#ThaicaveScue [URL]",Hoping that someday will be filmed like the title The Coach Kids and everyone involved in the rescue action is truly Faith.
happy,"Untuk para sahabat dan guru #pakarkomunikasi neniyulianita dr ani dan teman teman akademisi ""Selamat Milad fikom_unisba ke 35"" semoga lulusan FIKOM UNISBA semakin berkualitas",untuk para sahabat dan guru pakarkomunikasi neniyulianita dari ani dan teman teman akademisi selamat milad fikom_unisba ke semoga lulusan fakultas ilmu komunikasi unisba semakin berkualitas,"Untuk para sahabat dan guru pakar komunikasi Neni Yulianita dari Ani dan teman-teman akademisi ""Selamat Milad FIKOM UNISBA ke 35"" semoga lulusan FIKOM UNISBA semakin berkualitas",untuk para sahabat dan guru pakar komunikasi neni yulianita dari ani dan teman teman akademisi selamat milad fakultas ilmu komunikasi unisba ke semoga lulusan fakultas ilmu komunikasi unisba semakin berkualitas,for friends and expert teachers Neniyulianita from Ani and Academic Friends Congratulations Milad Fikom_unisba to the Faculty of Communication Sciences Unisba graduates are getting more quality,"For friends and communication expert teachers Neni Yulianita from Ani and Academic friends ""Happy Milad Fikom Unisba 35"" hopefully Fikom Unisba graduates are getting more quality",Error: 'Translator' object has no attribute 'raise_Exception',for friends and expert teachers Neniyulianita from Ani and Academic Friends Congratulations Milad Fikom_unisba to the Faculty of Communication Sciences Unisba graduates are getting more quality,Error: 'Translator' object has no attribute 'raise_Exception',Error: 'Translator' object has no attribute 'raise_Exception'
sadness,"Gegara td malem treak treak gemash ngliat indo kalah 2-1 sm thailand di kandang sendiri, kini tenggorokan minta digaruk -_________- yg nonton td mlm ngacung coba? Kalean tim mana nih?",gegara tadu malam treak treak gemash ngliat indonesia kalah sama thailand di kandang sendiri kini tenggorokan meminta digaruk _________ yang menonton tadu malam ngacung coba kalean tim mana nih,"Gegara tadi malam teriak teriak gemas melihat Indonesia kalah 2-1 sama Thailand di kandang sendiri, kini tenggorokan minta digaruk -_________- yang nonton tadi malam ngacung coba? Kalian tim mana nih?",gegara tadi malam teriak teriak gemas melihat indonesia kalah sama thailand di kandang sendiri kini tenggorokan meminta digaruk _________ yang menonton tadi malam ngacung coba kalian tim mana nih,"last night last night shouted exasperated to see Indonesia losing to Thailand at home, now the throat asked to be scratched ________","Last night last night shouted exasperated to see Indonesia losing 2-1 to Thailand at home, now the throat asked to be scratched -_________- who watched last night?Which team are you?",Error: 'Translator' object has no attribute 'raise_Exception',"last night last night shouted exasperated to see Indonesia losing to Thailand at home, now the throat asked to be scratched ________","Last night last night shouted exasperated to see Indonesia losing 2-1 to Thailand at home, now the throat asked to be scratched -_________- who watched last night?Which team are you?","last night last night shouted exasperated to see Indonesia losing to Thailand at home, now the throat asked to scratch ________"
anger,"Tapi angin2an sih. Kadang ditindak, kadang enggak. Gak konsisten, jd gak fair. Siapa yg merasa gak fair, ya pmlik mbl yg pas parkir di situ, terus ditindak. Kitu sanes...??",tetapi angin an sih kadang ditindak kadang tidak tidak konsisten jadi tidak adil siapa yang merasa tidak adil iya pemilik mbl yang pas parkir di situ terus ditindak kitu sanes,"Tapi angin-anginan sih. Kadang ditindak, kadang tidak. Tidak konsisten, jadi tidak fair. Siapa yang merasa tidak fair, ya pemilik mobil yang pas parkir di situ, terus ditindak. Kitu sanes...??",tetapi angin anginan sih kadang ditindak kadang tidak tidak konsisten jadi tidak adil siapa yang merasa tidak adil iya pemilik mobil yang pas parkir di situ terus ditindak kitu sanes,But the wind is sometimes dealt with sometimes it is not asi consistent so it is unfair who feels unfair yes the owner of the MBL who is right parking there continues to be dealt with because Sanes,Error: 'Translator' object has no attribute 'raise_Exception',But the wind is sometimes dealt with sometimes it is not inconsistent so it is unfair who feels unfair yes the car owner who is right parking there continues to be dealt with because Sanes,But the wind is sometimes dealt with sometimes it is not asi consistent so it is unfair who feels unfair yes the owner of the MBL who is right parking there continues to be dealt with because Sanes,Error: 'Translator' object has no attribute 'raise_Exception',But the wind is sometimes dealt with sometimes it is not inconsistent so it is unfair who feels unfair yes the car owner who is right parking there continues to be dealt with because Sanes
happy,"Terima kasih yak buat kakak* diJakarta n Surabaya yg udh luangin waktunya buat meetup.. hehehehee , so sekarang saatnya off , sampai ketemu akhir bulan ya di Balikpapan dan Denpasar... GBU all",terima kasih iya buat kakak di jakarta dan surabaya yang sudah meluangkan waktunya buat meetup hehehehee sok sekarang saatnya off sampai ketemu akhir bulan iya di balikpapan dan denpasar tuhan memberkati all,"Terima kasih ya buat kakak di Jakarta dan Surabaya yang sudah meluangkan waktunya untuk meetup.. hehehe , jadi sekarang saatnya pulang , sampai jumpa akhir bulan di Balikpapan dan Denpasar... GBU all",terima kasih iya buat kakak di jakarta dan surabaya yang sudah meluangkan waktunya untuk meetup hehe jadi sekarang saatnya pulang sampai jumpa akhir bulan di balikpapan dan denpasar tuhan memberkati all,Thank you yes to brother in Jakarta and Surabaya who have taken the time to meetup hehehehee pretending now is the time to be off until the end of the month in Balikpapan and Denpasar God bless all,"Thank you for your brother in Jakarta and Surabaya who have taken the time to meetup ... hehehe, so now it's time to go home, see you at the end of the month in Balikpapan and Denpasar ... GBU ALL",Thank you yes to brother in Jakarta and Surabaya who have taken the time to meetup hehe so now is the time to go home until the end of the month in Balikpapan and Denpasar God bless all,Thank you yes to brother in Jakarta and Surabaya who have taken the time to meetup hehehehee pretending now is the time to be off until the end of the month in Balikpapan and Denpasar God bless all,"Thank you for your brother in Jakarta and Surabaya who have taken the time to meetup ... hehehe, so now it's time to go home, see you at the end of the month in Balikpapan and Denpasar ... GBU ALL",Thank you yes to brother in Jakarta and Surabaya who have taken the time to meetup hehe so now is the time to go home until the end of the month in Balikpapan and Denpasar God bless all
anger,"Lagi ngoceh soal artis xx yg di follow masku..ya ngoceh dikit Temen kerja gue komentar ""haha kasian ya lu beli tiket mahal cuma salaman kaga di folbek"" I was like ""-_________-"" Pfftt Males ngobrol ama orang gblk emang",sedang mengoceh soal artis xx yang di follow mas ku iya mengoceh sedikit teman kerja saya komentar tertawa kasihan iya kamu beli tiket mahal cuma salaman kagak di ikuti kembali i was like _________ pfftt malas bicara sama orang goblok memang,"Lagi mengoceh soal artis xx yang di follow masuk.. ya mengoceh sedikit Teman kerja saya komentar ""haha kasian ya kamu beli tiket mahal cuma bersalaman gak di followback"" I was like ""-_________-"" Pfftt Malas ngobrol dengan orang goblok memang",sedang mengoceh soal artis xx yang di follow masuk iya mengoceh sedikit teman kerja saya komentar tertawa kasihan iya kamu beli tiket mahal cuma bersalaman tidak di followback i was like _________ pfftt malas bicara dengan orang goblok memang,"is blabbering about the artist xx who was followed, bro, yes, blabbering a little of my work colleagues, comment, sorry, yes, you buy an expensive ticket, just shaking, not followed again I was like _________ PFFTT is lazy to talk to people",Error: 'Translator' object has no attribute 'raise_Exception',"Being blabbering about the artist XX who was followed in yes blabbering a little of my work colleagues, comment, sorry, you bought an expensive ticket, just shaking hands.","is blabbering about the artist xx who was followed, bro, yes, blabbering a little of my work colleagues, comment, sorry, yes, you buy an expensive ticket, just shaking, not followed again I was like _________ PFFTT is lazy to talk to people",Error: 'Translator' object has no attribute 'raise_Exception',"Being blabbering about the artist XX who was followed in yes blabbering a little of my work colleagues, comment, sorry, you bought an expensive ticket, just shaking hands."
sadness,"Yang saya lakukan ketika mikir keras : 1. Mantengin leptop berharap dapat ide. Buntu. 2. Nyetel musik berharap merilekskan otak, biar ada inspirasi. Buntu. 3. Glibag-glibug di kasur, merenung sambil meluk bantal. Kemudian ketiduran.",yang saya lakukan ketika pikir keras mantengin leptop berharap dapat ide buntu setel musik berharap merilekskan otak biar ada inspirasi buntu glibag glibug di kasur merenung sambil memeluk bantal kemudian ketiduran,"Yang saya lakukan ketika mikir keras adalah: 1. Mantengin laptop berharap dapat ide. Buntu. 2. Mendengarkan musik berharap bisa merilekskan otak, biar ada inspirasi. Buntu. 3. Bergelimpangan di kasur, merenung sambil memeluk bantal. Kemudian ketiduran.",yang saya lakukan ketika pikir keras adalah mantengin laptop berharap dapat ide buntu mendengarkan musik berharap bisa merilekskan otak biar ada inspirasi buntu bergelimpangan di kasur merenung sambil memeluk bantal kemudian ketiduran,what I did when I thought hard to care for Leptop hopes to get a dead -end idea after music hopes to relax the brain so that there is an inspiration for Buntu Glibag Glibug on the bed pondering while hugging the pillow and then overslept,"What I do when thinking hard is: 1. Watch the laptop hoping to get an idea.Buntu.2. Listening to music hopes to relax the brain, so there is inspiration.Buntu.3. Lay on the bed, pondering while hugging a pillow.Then overslept.",what I do when I think loudly is to watch a laptop hoping to be deadlocked to listening to music hoping to be able to relax the brain so that there is an inspiration for a dead end on the bed while hugging the pillow then falls asleep,what I did when I thought hard to care for Leptop hopes to get a dead -end idea after music hopes to relax the brain so that there is an inspiration for Buntu Glibag Glibug on the bed pondering while hugging the pillow and then overslept,"What I do when thinking hard is: 1. Watch the laptop hoping to get an idea.Buntu.2. Listening to music hopes to relax the brain, so there is inspiration.Buntu.3. Lay on the bed, pondering while hugging a pillow.Then overslept.",what I do when I think loudly is to watch a laptop hoping to be deadlocked to listening to music hoping to be able to relax the brain so that there is an inspiration for a dead end on the bed while hugging the pillow then falls asleep
anger,sama'y sudah g ush ganti ganti saja kali ya menyiksa batin sangat axis disini,samanye sudah maling semua tidak sih jancok tidak sih anjing tidak sih siluman monyet haha satu hati sama sama maling,"Sama'nya sudah jangan ganti-ganti saja kali ya, menyiksa batin sangat. Axis disini.",sama nya sudah jangan ganti ganti saja kali iya menyiksa batin sangat axis disini,"samanye is already a thief, not all the jancok is not a dog, a monkey demon haha ​​one heart with a thief","It's the same, don't just change it, right, torturing the mind.Axis here.","the same, don't change it, just torture the mind is very axis here","samanye is already a thief, not all the jancok is not a dog, a monkey demon haha ​​one heart with a thief","It's the same, don't just change it, right, torturing the mind.Axis here.","the same, don't change it, just torture the mind is very axis here"
anger,sama'y sudah g ush ganti ganti saja kali ya menyiksa batin sangat axis disini,samanye sudah maling semua tidak sih jancok tidak sih anjing tidak sih siluman monyet haha satu hati sama sama maling,"Sama'nya sudah jangan ganti-ganti saja kali ya, menyiksa batin sangat. Axis disini.",sama nya sudah jangan ganti ganti saja kali iya menyiksa batin sangat axis disini,"samanye is already a thief, not all the jancok is not a dog, a monkey demon haha ​​one heart with a thief","It's the same, don't just change it, right, torturing the mind.Axis here.","the same, don't change it, just torture the mind is very axis here","samanye is already a thief, not all the jancok is not a dog, a monkey demon haha ​​one heart with a thief","It's the same, don't just change it, right, torturing the mind.Axis here.","the same, don't change it, just torture the mind is very axis here"
happy,oke (y) cek fav ka :),oke ya cek favorit kak,"Oke (ya), cek favorit kak :)",oke iya cek favorit kakak,Error: 'Translator' object has no attribute 'raise_Exception',"Okay (yes), check your favorite sis :)",okay yes check your favorite,"okay, check your favorite sis","Okay (yes), check your favorite sis :)",okay yes check your favorite
sadness,Ingat saat kalian bergabung dengan Twitter? Saya ingat! dari smp entahlah sampai sekarang. dari yg pertama rame sekali twitter sampai hampa gt. tl sepe bgt hufth..kek hati saya gt. *eaaaaa hahahaha #HariJadiTwitterSaya [URL],ingat saat kalian bergabung dengan twitter saya ingat dari Sekolah Menengah Pertama entahlah sampai sekarang dari yang pertama ramai sekali twitter sampai hampa begitu tl sepi sangat hufth kayak hati saya begitu eaa hahahaha harijaditwittersaya,"Ingat saat kalian bergabung dengan Twitter? Saya ingat! dari SMP entahlah sampai sekarang, dari yang pertama ramai sekali Twitter sampai hampa gitu. TL sepi banget huft... kayak hati saya gitu. *eaaaaa hahahaha #HariJadiTwitterSaya [URL]",ingat saat kalian bergabung dengan twitter saya ingat dari Sekolah Menengah Pertama entahlah sampai sekarang dari yang pertama ramai sekali twitter sampai hampa begitu tl sepi sekali mengeluh mirip hati saya begitu eaa hahahaha harijaditwittersaya,"Remember when you join Twitter I remember from junior high school, I don't know until now from the first crowded Twitter to empty so it was very quiet like my heart so my heart hahahaha Harijaditwitters","Remember when you join Twitter?I remember!From junior high school, I don't know until now, from the first crowded Twitter to empty.TL really quiet huft ... like my heart.*eaaaaa hahahaha #harijaditwittersaki [url]","Remember when you join Twitter I remember from junior high school, I don't know until now from the first crowded Twitter to empty so that it was very quiet, I complained like my heart was so hahahahahaha Harijaditwitters",Error: 'Translator' object has no attribute 'raise_Exception',"Remember when you join Twitter?I remember!From junior high school, I don't know until now, from the first crowded Twitter to empty.TL really quiet huft ... like my heart.*eaaaaa hahahaha #harijaditwittersaki [url]","Remember when you join Twitter I remember from junior high school, I don't know until now from the first crowded Twitter to empty so that it was very quiet, I complained like my heart was so hahahahahaha Harijaditwitters"
anger,kamu yang alay yah -_- kamu sih 4lay ih akoh molo sih seble :]x bagaikan menyiram luka pakai air,kamu yang norak ya _ kamu sih lay ih saya molo sih sebal x bagaikan menyiram luka pakai air,"Kamu yang alay, ya -_- Kamu itu alay banget, aku malah jadi sebel deh. Bagaikan menyiram luka dengan air.",kamu yang norak iya _ kamu itu norak banget saya bahkan jadi kesal deh bagaikan menyiram luka dengan air,"You are tacky, _ you are Lay, I am molo, but it is annoyed like watering a wound using water","You are alay, yes -_- you are really alay, I actually become resentful.Like watering wounds with water.","You who are tacky, yes, _, you are very tacky, I even become upset like watering wounds with water","You are tacky, _ you are Lay, I am molo, but it is annoyed like watering a wound using water","You are alay, yes -_- you are really alay, I actually become resentful.Like watering wounds with water.","You who are tacky, yes, _, you are very tacky, I even become upset like watering wounds with water"
happy,"sebenernya awal gua naksir yg coklat, tp wkt itu stock kosong T^T krn w kepo parah ama sound ini headphone dan keinginan untuk memiliki sudah terlalu kuat! jadinya beli yg ada stocknya aja.. akhirnya w berjodoh dengan ""STEEL""",sebenarnya awal saya menaksir yang coklat tetapi waktu itu stock kosong t t karena saya ingin tahu parah sama sound ini headphone dan keinginan untuk memiliki sudah terlalu kuat jadinya beli yang ada stocknya aja akhirnya saya berjodoh dengan baja,"Sebenernya awal saya naksir yang coklat, tapi waktu itu stock kosong karena saya kepo parah ama sound ini headphone dan keinginan untuk memiliki sudah terlalu kuat! Jadinya beli yang ada stocknya saja.. akhirnya saya berjodoh dengan ""STEEL""",sebenarnya awal saya menaksir yang coklat tetapi waktu itu stock kosong karena saya ingin tahu parah sama sound ini headphone dan keinginan untuk memiliki sudah terlalu kuat jadinya beli yang ada stocknya saja akhirnya saya berjodoh dengan baja,"Actually, I started the brown on the beginning but at that time the Stock was empty T T because I wanted to know badly with this sound of this headphone and the desire to have it was too strong so I just bought the stock, I finally had a match with steel","Actually, I had a crush on the brown, but at that time the stock was empty because I was very bad and this sound of the headphone and the desire to have it was too strong!So just buy the stock only ... finally I have a match with ""steel""","Actually, I estimated the brown on the beginning but at that time the stock was empty because I wanted to know badly at this sound of this headphone and the desire to have it was too strong so I just bought the stock, finally I was paired with steel","Actually, I started the brown on the beginning but at that time the Stock was empty T T because I wanted to know badly with this sound of this headphone and the desire to have it was too strong so I just bought the stock, I finally had a match with steel","Actually, I had a crush on the brown, but at that time the stock was empty because I was very bad and this sound of the headphone and the desire to have it was too strong!So just buy the stock only ... finally I have a match with ""steel""","Actually, I estimated the brown on the beginning but at that time the stock was empty because I wanted to know badly at this sound of this headphone and the desire to have it was too strong so I just bought the stock, finally I was paired with steel"
fear,"Berat badanku 77kg, aku minder, aku takut di bully, aku takut mereka yg bilang cantik itu langsing bukan C A N T I K Aku juga takut dibilang ""Gapura Kecamatan"" #janganbullyaku [URL]",berat badanku kilogram saya minder saya takut di rundung saya takut mereka yang bilang cantik itu langsing bukan sih a dan t i ke saya juga takut dibilang gapura kecamatan janganbullyaku,"Berat badanku 77 kg, aku minder, aku takut di bully, aku takut mereka yang bilang cantik itu langsing bukan CANTIK. Aku juga takut dibilang ""Gapura Kecamatan"" #janganbullyaku",berat badanku kilogram saya minder saya takut di rundung saya takut mereka yang bilang cantik itu langsing bukan cantik saya juga takut dibilang gapura kecamatan janganbullyaku,"My weight is my kilogram, I'm afraid that I am afraid that I am afraid that those who say beautiful are slim not a and t i to me are also afraid","Weight 77 kg, I'm inferior, I'm afraid of being bullied, I'm afraid those who say beautiful are slim not beautiful.I'm also afraid of being called the ""sub -district gate"" #janganbullyaku","My weight is my kilogram, I'm afraid that I am afraid that I am afraid that those who say beautiful are slim not beautiful, I'm also afraid","My weight is my kilogram, I'm afraid that I am afraid that I am afraid that those who say beautiful are slim not a and t i to me are also afraid","Weight 77 kg, I'm inferior, I'm afraid of being bullied, I'm afraid those who say beautiful are slim not beautiful.I'm also afraid of being called the ""sub -district gate"" #janganbullyaku","My weight is my kilogram, I'm afraid that I am afraid that I am afraid that those who say beautiful are slim not beautiful, I'm also afraid"
sadness,"(c.) jalan tol. Ia sungguh sedih mengingat kejadian-kejadian di kehidupannya. Tak kuat menahan sedih, dirinya mencoba mengakhiri hidupnya sambil menatap bayi Aurora yang tengah terlelap dan tersenyum. Tak kuasa melihat malaikat kecilnya yang begitu cantik mengurungkan niatnya (c",sih jalan tol ia sungguh sedih mengingat kejadian kejadian di kehidupannya tidak kuat menahan sedih dirinya mencoba mengakhiri hidupnya sambil menatap bayi aurora yang tengah terlelap dan tersenyum tidak kuasa melihat malaikat kecil nya yang begitu cantik mengurungkan niatnya sih,"Jalan tol. Ia sungguh sedih mengingat kejadian-kejadian di kehidupannya. Tak kuat menahan sedih, dirinya mencoba mengakhiri hidupnya sambil menatap bayi Aurora yang tengah terlelap dan tersenyum. Tak kuasa melihat malaikat kecilnya yang begitu cantik mengurungkan niatnya.",jalan tol ia sungguh sedih mengingat kejadian kejadian di kehidupannya tidak kuat menahan sedih dirinya mencoba mengakhiri hidupnya sambil menatap bayi aurora yang tengah terlelap dan tersenyum tidak kuasa melihat malaikat kecil nya yang begitu cantik mengurungkan niatnya,Error: 'Translator' object has no attribute 'raise_Exception',"Toll road.He was really sad to remember the events in his life.Unable to hold back sadness, he tried to end his life while staring at Aurora's baby who was sleeping and smiling.I could not see her little angels that were so beautiful to discourage her intentions.",Error: 'Translator' object has no attribute 'raise_Exception',Error: 'Translator' object has no attribute 'raise_Exception',Error: 'Translator' object has no attribute 'raise_Exception',The toll road he was really sad considering the incident in his life could not hold back sadness he tried to end his life while staring at the baby Aurora who was sleeping and smiling could not see his little angel so beautiful
anger,"Ya gue tau sih, bukan grup kita yg digituin. Tapi sesama cewek, terus dibilang bahan gituan.... masih bisa terima? Dia jelas2 public figure, dan ngomong dengan enaknya di video bahan c**i? Gue ngetik aja ga nyaman. Wah gue lisa digituin aja gue semarah ini, gimana bangtan? -.-",iya saya tahu sih bukan grup kita yang diperlakukan seperti itu tetapi sesama cewek terus dibilang bahan begituan masih bisa terima dia jelas public figure dan bicara dengan enaknya di video bahan sih i saya ketik saja tidak nyaman wah saya lisa diperlakukan seperti itu saja saya semarah ini bagaimana bangtan,"Ya saya tahu sih, bukan grup kita yang digituin. Tapi sesama cewek, terus dibilang bahan gituan.... masih bisa terima? Dia jelas-jelas public figure, dan ngomong dengan enaknya di video bahan coli? Saya ngetik saja tidak nyaman. Wah saya Lisa digituin saja saya se marah ini, gimana Bangtan? -.-",iya saya tahu sih bukan grup kita yang diperlakukan seperti itu tetapi sesama cewek terus dibilang bahan begituan masih bisa terima dia jelas jelas public figure dan bicara dengan enaknya di video bahan coli saya ketik saja tidak nyaman wah saya lisa diperlakukan seperti itu saja saya se marah ini bagaimana bangtan,"Yes, I know that it is not our group that is treated like that but fellow girls continue to be said to be like that, they can still accept him clearly public figures and talk deliciously in the video material, I just typed uncomfortable wow, I was treated like that.Bangtan",Error: 'Translator' object has no attribute 'raise_Exception',"Yes, I know that it is not our group that is treated like that but fellow girls continue to be said to be like that material can still be accepted him clearly public figures and talk deliciously in the video coli I just type uncomfortable wow, I am Lisa being treated like that.how bangtan","Yes, I know that it is not our group that is treated like that but fellow girls continue to be said to be like that, they can still accept him clearly public figures and talk deliciously in the video material, I just typed uncomfortable wow, I was treated like that.Bangtan","Yes, I know, it's not our group that is that.But fellow girls, keep arguably the ingredients of Gituan .... can you still accept?He is clearly a public figure, and talks with goodness in the video of coli material?I just typed uncomfortable.Wow, I'm just like that, I am as angry, how about bangtan?-.-","Yes, I know that it is not our group that is treated like that but fellow girls continue to be said to be like that material can still be accepted him clearly public figures and talk deliciously in the video coli I just type uncomfortable wow, I am Lisa being treated like that.how bangtan"
fear,"ketika idung nyium bau bau gaenak lalu temen yg rumahnya lumayan jauh ngechat di wa ""kalian nyium bau gas ga ?"" NJIRRR IYA INI BAU GAS  INI BUKAN GAS BERACUN KAN HUH ? KO JADI PARNO SIH",timbang timbang anakku sayang buah hati ku sepajang jalan siang malan aku selalu berdoa semoga kelak kamu bahagia selalu hari anak nasional,"Ketika hidung mencium bau tidak enak lalu teman yang rumahnya lumayan jauh mengirim pesan di WhatsApp ""kalian mencium bau gas ga?"" NJIRRR IYA INI BAU GAS INI BUKAN GAS BERACUN KAN HUH? KENAPA JADI PARANOID SIH",ketika hidung mencium bau tidak enak lalu teman yang rumahnya lumayan jauh mengirim pesan di whatsapp kalian mencium bau gas tidak nji iya ini bau gas ini bukan gas beracun kan apa kenapa jadi takut sih,"Weigh my son, love my baby along the afternoon, I always pray that someday you will be happy always national children's day","When the nose smells bad, then a friend whose house is quite far to send messages on WhatsApp ""Do you smell gas or not?""Njirrr yes, this gas smell is not a poison gas right huh?Why is it paranoid","When the nose smells bad, then a friend whose house is quite far sending messages on Whatsapp you smell the smell of gas, this is not the smell of gas, right?","Weigh my son, love my baby along the afternoon, I always pray that someday you will be happy always national children's day","When the nose smells bad, then a friend whose house is quite far to send messages on WhatsApp ""Do you smell gas or not?""Njirrr yes, this gas smell is not a poison gas right huh?Why is it paranoid","When the nose smells bad, then a friend whose house is quite far sending messages on Whatsapp you smell the smell of gas, this is not the smell of gas, right?"
fear,"/rlt guys aku mau nanya. Aku bingung, aku ketrima u'p'n vj sama un air. Aku suka jurusan yg di u pn tp aku anak daerah, agak takut di jkt. Dan yg un air uda dibayar. Mohon sarannya.",rlt teman-teman saya ingin bertanya saya bingung saya diterima u p dan veteran jakarta sama un air saya suka jurusan yang di kamu pn tetapi saya anak daerah agak takut di jakarta dan yang un air sudah dibayar mohon sarannya,"Guys aku mau bertanya. Aku bingung, aku diterima upnvj sama universitas negeri. Aku suka jurusan yang di upn tp aku anak daerah, agak takut di Jakarta. Dan yang universitas negeri sudah dibayar. Mohon sarannya.",teman-teman saya ingin bertanya saya bingung saya diterima upnvj sama universitas negeri saya suka jurusan yang di Universitas Pembangunan Nasional tetapi saya anak daerah agak takut di jakarta dan yang universitas negeri sudah dibayar mohon sarannya,Error: 'Translator' object has no attribute 'raise_Exception',"Guys I want to ask.I'm confused, I was accepted by UPNVJ and State University.I like the majors in UPN but I'm a regional kid, rather scared in Jakarta.And the state university has been paid.Please advise.",Error: 'Translator' object has no attribute 'raise_Exception',"RLT my friends want to ask I am confused I was accepted by U P and Veterans Jakarta and Un Water I like the majors that you are in PN but I am a regional child who is somewhat scared in Jakarta and the un water has been paid, please advice","Guys I want to ask.I'm confused, I was accepted by UPNVJ and State University.I like the majors in UPN but I'm a regional kid, rather scared in Jakarta.And the state university has been paid.Please advise.",Error: 'Translator' object has no attribute 'raise_Exception'
anger,"heii..hey km para kaum adam hr gini msih mau aj Trnsfer""/ DP""sedihh kan klw di block stelah Tf...mk ny yg Real"" aja klw mw ktmuan sma kaum hawa...hihiiihii",hai hey kamu para kaum adam hari begini masih ingin saja trnsfer uang muka sedih kan kalau di block setelah tf maka nya yang real saja kalau ingin ktmuan sama kaum hawa hihhii,"Hei, hey kamu para kaum Adam hari ini masih mau aja transfer atau DP sedih kan kalau diblock setelah transfer. Mungkin yang real aja kalau mau ketemuan sama kaum hawa. hehehe",hei hey kamu para kaum adam hari ini masih ingin saja transfer atau uang muka sedih kan kalau diblock setelah transfer mungkin yang real saja kalau ingin bertemu sama kaum hawa hehe,Hi hey you are the adam people like this still want a sad payment transfer right if it is blocked after TF then it is real if you want to ktmuan with women hih hii,Error: 'Translator' object has no attribute 'raise_Exception',Hey Hey You the adam people today still want the transfer or sad payment right if it is blocked after the transfer may be real if you want to meet with women hehe,Hi hey you are the adam people like this still want a sad payment transfer right if it is blocked after TF then it is real if you want to ktmuan with women hih hii,"Hey, hey you adam today still want to transfer or dp sad right if it is blocked after the transfer.Maybe just real if you want to meet with women.hehehe",Error: 'Translator' object has no attribute 'raise_Exception'
anger,dia ! emang'a apa kya a tahu ! masalah'a sih sepele tapi bisa bikin saya ngedown,dia memang a apa kaya a tahu masalah a sih sepele tetapi bisa buat saya ngedown,"Dia! Emangnya apa ya, kayaknya tau! Masalahnya sih sepele tapi bisa bikin saya down.",dia memangnya apa iya kayaknya tahu masalahnya sih sepele tetapi bisa buat saya down,Error: 'Translator' object has no attribute 'raise_Exception',Error: 'Translator' object has no attribute 'raise_Exception',"what he really does, I think you know the problem, but it can be down",he really is like a know a problem A is trivial but can make me down,"He!What do you think, I think you know!The problem is trivial but it can make me down.",Error: 'Translator' object has no attribute 'raise_Exception'
anger,Hey kamuuhhh!! semoga qt dijauhkan dari keputusan yang bodoh ituu Selamat menjalankan ibadah puasa juga budiirrr@olfi_opi,hey kamuu semoga kita dijauhkan dari keputusan yang bodoh itu selamat menjalankan ibadah puasa juga budii,Hey kamu! Semoga kita dijauhkan dari keputusan yang bodoh itu. Selamat menjalankan ibadah puasa juga. @olfi_op,hey kamu semoga kita dijauhkan dari keputusan yang bodoh itu selamat menjalankan ibadah puasa juga,"Hey you, hopefully we will be kept away from that stupid decision, congratulations on fasting as well as Budii",Hey you!May we be kept away from that stupid decision.Congratulations on fasting too.@olfi_op,"Hey you, hopefully we will be kept away from that stupid decision, congratulations on fasting too","Hey you, hopefully we will be kept away from that stupid decision, congratulations on fasting as well as Budii",Hey you!May we be kept away from that stupid decision.Congratulations on fasting too.@olfi_op,Error: 'Translator' object has no attribute 'raise_Exception'
love,"Tadi Siang,Aku Mimpi Bang Tomi.Di Mimpi Itu Aku dan Bang Tomi Kelihatan Akrab...bngt.Sampe,Bang Tomi Ngerangkul Pundak Aku Erat...bngt.Apa,ya...Arti Mimpi itu...???",tadi siang aku mimpi bang tomi di mimpi itu saya dan bang tomi kelihatan akrab banget sampai bang tomi ngerangkul pundak saya erat banget apa iya arti mimpi itu,"Tadi siang, aku mimpi Bang Tomi. Di mimpi itu aku dan Bang Tomi kelihatan akrab banget. Sampe, Bang Tomi merangkul pundak aku erat banget. Apa, ya...Arti mimpi itu...?",tadi siang saya mimpi bang tomi di mimpi itu saya dan bang tomi kelihatan akrab banget sampai bang tomi merangkul pundak saya erat banget apa iya arti mimpi itu,This afternoon I dreamed Bang Tomi in that dream me and Bang Tomi looked very familiar until Bang Tomi embraced my shoulder very tightly what the meaning of that dream,"This afternoon, I dreamed Bang Tomi.In that dream I and Bang Tomi looked very familiar.Until, Bang Tomi embraced my shoulders very tightly.What, yes ... the meaning of the dream ...?",This afternoon I dreamed Bang Tomi in that dream me and Bang Tomi looked very familiar until Bang Tomi embraced my shoulders very tightly what the meaning of that dream,Error: 'Translator' object has no attribute 'raise_Exception',"This afternoon, I dreamed Bang Tomi.In that dream I and Bang Tomi looked very familiar.Until, Bang Tomi embraced my shoulders very tightly.What, yes ... the meaning of the dream ...?",This afternoon I dreamed Bang Tomi in that dream me and Bang Tomi looked very familiar until Bang Tomi embraced my shoulders very tightly what the meaning of that dream
happy,"Inget tebak tebakan dulu: Budi: ikan, ikan apa yang bentuknya segitiga? Aisyah: Ikan Sepat Budi: kurang tepat ayy Aisyah: trus apa dong! *Mendesak penasaran Budi: Iiikancut luuu.. Nb: Seketika hening, 5 detik kemudian tertawa malu. Wkwkwkwk #recehkantwitter",ingat tebak tebakan dulu budi ikan ikan apa yang bentuknya segitiga aisyah ikan sepat budi kurang tepat sayang aisyah terus apa dong mendesak penasaran budi kancut l nb seketika hening detik kemudian tertawa malu wkwkwkwk recehkan twitter,"Inget tebak tebakan dulu: Budi: ikan, ikan apa yang bentuknya segitiga? Aisyah: Ikan Sepat Budi: kurang tepat ayy Aisyah: trus apa dong! *Mendesak penasaran Budi: ikancutlu.. Nb: Seketika hening, 5 detik kemudian tertawa malu. Wkwkwkwk #recehkantwitter",ingat tebak tebakan dulu budi ikan ikan apa yang bentuknya segitiga aisyah ikan sepat budi kurang tepat sayang aisyah terus apa dong mendesak penasaran budi ikancutlu nb seketika hening detik kemudian tertawa malu wkwkwkwk recehkan twitter,Error: 'Translator' object has no attribute 'raise_Exception',"Remember guess guessing first: Budi: fish, what fish is a triangular shape?Aisyah: Fish Sepat Budi: Not right AYY AISYAH: Then what is!*Urgent curious Budi: IkanCutlu .. NB: Instantly silence, 5 seconds later laughing shyly.Wkwkwkwk #recehkantwitter","Remember the guess of the guess of the fish mind, what fish is aisyah the form of aisyah fish sepat Budi is not right, dear aisyah, what do you want to be curious about Budi IkanCutlu NB instantly quietly then laughs embarrassed by twitter","Remember to guess the guess of the fish mind, what fish is aisyah in the form of aisyah fish sepat Budi is not right, dear aisyah, what do you want to be curious about Budi Kancut L NB instantly silence then laugh embarrassed by the twitter","Remember guess guessing first: Budi: fish, what fish is a triangular shape?Aisyah: Fish Sepat Budi: Not right AYY AISYAH: Then what is!*Urgent curious Budi: IkanCutlu .. NB: Instantly silence, 5 seconds later laughing shyly.Wkwkwkwk #recehkantwitter",Error: 'Translator' object has no attribute 'raise_Exception'
fear,"+ Oleh paman nya kemarin. Namun tiba tiba ada seorang pria paruh baya datang menghampiri nya sambil membawa sebuah papan nama bertuliskan namanya. ""Ini mas jefry?"" Tanya nya dengan agak sedikit ragu karena sepertinya dia takut salah mengira orang +",oleh paman nya kemarin namun tiba tiba ada seorang pria paruh baya datang menghampiri nya sambil membawa satu buah papan nama bertuliskan namanya ini mas jefry tanya nya dengan agak sedikit ragu karena sepertinya dia takut salah mengira orang,"Oleh paman nya kemarin. Namun tiba-tiba ada seorang pria paruh baya datang menghampiri nya sambil membawa sebuah papan nama bertuliskan namanya. ""Ini Mas Jefry?"" Tanya nya dengan agak sedikit ragu karena sepertinya dia takut salah mengira orang.",oleh paman nya kemarin namun tiba tiba ada seorang pria paruh baya datang menghampiri nya sambil membawa satu buah papan nama bertuliskan namanya ini mas jefry tanya nya dengan agak sedikit ragu karena sepertinya dia takut salah mengira orang,"by his uncle yesterday but suddenly a middle -aged man came over to him while carrying a nameplate with his name, Mas Jefry asked him with a little doubt because he seemed to be afraid of mistaken people","By his uncle yesterday.But suddenly a middle-aged man came over to him while carrying a nameplate with his name.""Is this Jefry?""He asked with a little doubtful because it seemed like he was afraid to mistake people.","by his uncle yesterday but suddenly a middle -aged man came over to him while carrying a nameplate with his name, Mas Jefry asked him with a little doubt because he seemed to be afraid of mistaken people","by his uncle yesterday but suddenly a middle -aged man came over to him while carrying a nameplate with his name, Mas Jefry asked him with a little doubt because he seemed to be afraid of mistaken people","By his uncle yesterday.But suddenly a middle-aged man came over to him while carrying a nameplate with his name.""Is this Jefry?""He asked with a little doubtful because it seemed like he was afraid to mistake people.","by his uncle yesterday but suddenly a middle -aged man came over to him while carrying a nameplate with his name, Mas Jefry asked him with a little doubt because he seemed to be afraid of mistaken people"
anger,"[USERNAME] .... Harga sepatu saja 13,6 jt.... Gimana mau bicara rakyat miskin.....?? Harga sepatu 13, 6 jt. Itu = 6 x rata2 UMR /bln Rakyat ..... Masih mau ngomong kemiskinan Rakyat....??",harga sepatu saja juta bagaimana ingin bicara rakyat miskin harga sepatu juta itu x rata upah minimum regional bulan rakyat masih ingin bicara kemiskinan rakyat,"[USERNAME], harga sepatu saja 13,6 juta. Bagaimana mau bicara soal rakyat miskin? Harga sepatu 13,6 juta itu sama dengan enam kali rata-rata UMR per bulan rakyat. Masih mau membahas kemiskinan rakyat?",harga sepatu saja juta bagaimana ingin bicara soal rakyat miskin harga sepatu juta itu sama dengan enam kali rata rata upah minimum regional per bulan rakyat masih ingin membahas kemiskinan rakyat,the price of shoes only millions how to talk to the poor people the price of millions of shoes x the average regional minimum wage of the people still want to talk about poverty of the people,Error: 'Translator' object has no attribute 'raise_Exception',Error: 'Translator' object has no attribute 'raise_Exception',the price of shoes only millions how to talk to the poor people the price of millions of shoes x the average regional minimum wage of the people still want to talk about poverty of the people,Error: 'Translator' object has no attribute 'raise_Exception',the price of shoes only million how to talk about the poor people the price of million shoes is the same as six times the average regional minimum wage per month still wants to discuss the poverty of the people
anger,#CalonPenghuniNeraka INI SERIUS Buat elu semua para player troll player toxic player noob terutama di game vainglory Elu gak gue maafin. Jancok Neraka bangsaaaaat,calon penghuni neraka ini serius buat lu semua para player memancing kemarahan player toxic player cupu terutama di game vainglory lu tidak saya memaafi jancok neraka bangsaat,"#CalonPenghuniNeraka INI SERIUS Buat kalian semua para pemain troll, pemain toxic, pemain noob terutama di game vainglory Kalian tidak akan aku maafkan. Jancok, Neraka bangsat!",calon penghuni neraka ini serius buat kalian semua para pemain memancing kemarahan pemain toxic pemain cupu terutama di game vainglory kalian tidak akan saya maafkan jancok neraka bangsat,"Prospective residents of this hell are serious for all of you players provoked the anger of the Player Toxic Player Cupu, especially in the Vainglory game, I did not forgive the Hell of Hell Bangs Aat","#Calonpenghunineraka is serious for all of you troll players, toxic players, noob players, especially in your Vainglory game, I will not forgive.Jancok, hell bastard!","Prospective residents of this hell are serious for all of you players provoked the anger of the toxic players cupu players, especially in your Vainglory game, I will not forgive the bastard",Error: 'Translator' object has no attribute 'raise_Exception',"#Calonpenghunineraka is serious for all of you troll players, toxic players, noob players, especially in your Vainglory game, I will not forgive.Jancok, hell bastard!","Prospective residents of this hell are serious for all of you players provoked the anger of the toxic players cupu players, especially in your Vainglory game, I will not forgive the bastard"
happy,"LoveLaws - TT (2018) Gak paham gue sama mbak gitaris Warpaint satu ini, keren banget. Gue denger album ini kayak exposing her romantic side nya gitu tp jir berhasil banget, vibe nya fierce tp vurnerable + seducing at the same time. W paling suka lagu Love Leaks sm I've Been Fine [URL]",lovelaws tt tidak paham saya sama mbak gitaris warpaint satu ini keren banget saya dengar album ini mirip exposing dia romantic samping nya begitu tetapi anjing berhasil banget atmosfer nya fierce tetapi rentan menggoda at the sama time saya paling suka lagu cinta leaks sama i ve sudah fine,"LoveLaws - TT (2018) Gak paham gue sama mbak gitaris Warpaint satu ini, keren banget. Gue denger album ini kayak exposing her romantic side-nya gitu tapi jir berhasil banget, vibe-nya fierce tapi vulnerable dan seducing at the same time. W paling suka lagu Love Leaks sama I've Been Fine [URL]",lovelaws tt tidak paham saya sama mbak gitaris warpaint satu ini keren banget saya dengar album ini mirip exposing dia romantic samping nya begitu tetapi anjing berhasil banget atmosfer nya fierce tetapi vulnerable dan menggoda at the sama time saya paling suka lagu cinta leaks sama i ve sudah fine,"Lovelaws TT doesn't understand me with Ms. Warpaint guitarist, this one is really cool, I hear this album similar to exposing, she is romantic, but the dog is very successful in the atmosphere of Fierce but vulnerable to teasing at the and time I like the song Cinta Leaks with I Ve already fine","Lovelaws - TT (2018) doesn't understand me with this one Warpaint guitarist, it's really cool.I hear this album like exposing her romantic side like that but jir is really successful, Fierce's vibe but vulnerable and seducing at the same time.W most likes the song Love Leaks with I've Been Fine [URL]","Lovelaws TT doesn't understand me with Ms. Warpaint guitarist, this one is really cool, I hear this album like exposing, she is romantic, but the dog is very successful in the atmosphere of Fierce but vulnerable and teasing at the same time I like the song Cinta Leaks with I Ve already fine",Error: 'Translator' object has no attribute 'raise_Exception',"Lovelaws - TT (2018) doesn't understand me with this one Warpaint guitarist, it's really cool.I hear this album like exposing her romantic side like that but jir is really successful, Fierce's vibe but vulnerable and seducing at the same time.W most likes the song Love Leaks with I've Been Fine [URL]","Lovelaws TT doesn't understand me with Ms. Warpaint guitarist, this one is really cool, I hear this album like exposing, she is romantic, but the dog is very successful in the atmosphere of Fierce but vulnerable and teasing at the same time I like the song Cinta Leaks with I Ve already fine"
happy,Dulu kaya hampir setengah jam atau 2*x sesi jelasin org korea kata *Cie*...sampe pake di dramain biat pd nyambung... Akhirnya baru pd ngerti dan nemu padanan kata ke korea.. trus skrg gw yg lupa bhs koreanya cie apa hahahhaa [URL],dulu kayak hampir setengah jam atau x sesi jelasin orang korea kata cie sampai pakai di dramain agar pada menyambung akhirnya baru pada mengerti dan temu padanan kata ke korea terus sekarang saya yang lupa bahas koreanya cie apa tertawa,"Dulu kaya hampir setengah jam atau dua kali sesi jelasin orang Korea kata ""Cie"" ... sampai pake di drama biar pada nyambung ... Akhirnya baru pada ngerti dan nemu padanan kata ke Korea .. trus sekarang gw yang lupa bahasa Koreanya cie apa hahahhaa [URL]",dulu kayak hampir setengah jam atau dua kali sesi jelasin orang korea kata cie sampai pakai di drama biar pada menyambung akhirnya baru pada mengerti dan temu padanan kata ke korea terus sekarang saya yang lupa bahasa koreanya cie apa tertawa,It used to be almost half an hour or x sessions explain Korean people said cie until we use it in Dramain to connect finally only to understand and meet the equivalent word to Korea and now I forget to discuss the chores cie or laugh,"It used to be like almost half an hour or two sessions explain Korean people the word ""cie"" ... to use in the drama so that it connects ... finally just understand and find the equivalent word to korea ... then now I forget what the Korean language is ciehahahhaa [url]",It used to be almost half an hour or two sessions explain Korean people said Cie until wearing it in the drama so that it continued to continue to understand and meet the word equivalent to Korea then now I forget the Korean language Cie or laugh,It used to be almost half an hour or x sessions explain Korean people said cie until we use it in Dramain to connect finally only to understand and meet the equivalent word to Korea and now I forget to discuss the chores cie or laugh,"It used to be like almost half an hour or two sessions explain Korean people the word ""cie"" ... to use in the drama so that it connects ... finally just understand and find the equivalent word to korea ... then now I forget what the Korean language is ciehahahhaa [url]",It used to be almost half an hour or two sessions explain Korean people said Cie until wearing it in the drama so that it continued to continue to understand and meet the word equivalent to Korea then now I forget the Korean language Cie or laugh
fear,punya kebiasaan kekamar mandi tengah malem berhubung kamarmandinya lagi dibenerin jadi pake kamarmandi tempat lain tapi kamarmandinya serem I'm scared &gt&,punya kebiasaan ke kamar mandi tengah malam berhubung kamarmandinya sedang dibenarkan jadi pakai kamarmandi tempat lain tetapi kamarmandinya seram i sama takut begitu,"Punya kebiasaan ke kamar mandi tengah malam berhubung kamar mandinya lagi diperbaiki jadi pakai kamar mandi tempat lain tapi kamar mandinya serem, I'm scared 😨",punya kebiasaan ke kamar mandi tengah malam berhubung kamar mandinya sedang diperbaiki jadi pakai kamar mandi tempat lain tetapi kamar mandinya seram i sama takut,"have a habit to go to the bathroom in the middle of the night because the room is being justified so wearing a roommandi other places, but the rooms are scary","Have a habit to go to the bathroom in the middle of the night because the bathroom is repaired again so wearing the bathroom other places but the bathroom is scary, I'm scared 😨",Error: 'Translator' object has no attribute 'raise_Exception',"have a habit to go to the bathroom in the middle of the night because the room is being justified so wearing a roommandi other places, but the rooms are scary","Have a habit to go to the bathroom in the middle of the night because the bathroom is repaired again so wearing the bathroom other places but the bathroom is scary, I'm scared 😨",have a habit to go to the bathroom in the middle of the night because the bathroom is being repaired so wearing the bathroom other places but the bathroom is scary and scared
anger,"ELING GA SIH NIH 3????!!!!!! BIASANYA SECEPAT KILAT, SKRG LAMBAT BGT INSTAGRAM GA KE REFRESH SAMA SEKALI TWITTER JUGA SAMA!!!!!!!!!!! GIMANA NIH? BOSEN NANYAIN NOMOR MULU TAPI UDAH 5 HARI SELAMBAT INI [USERNAME]",eling tidak sih nih biasanya secepat kilat sekarang lambat sangat instagram tidak ke refresh sama sekali twitter juga sama bagaimana nih bosan menanyakan nomor terus tetapi sudah hari selambat ini,"ELING GA SIH NIH 3????!!!!!! BIASANYA SECEPAT KILAT, SEKARANG LAMBAT BANGET INSTAGRAM GAKE REFRESH SAMA SEKALI TWITTER JUGA SAMA!!!!!!!!!!! GIMANA NIH? BOSAN NANYAIN NOMOR MULU TAPI UDAH 5 HARI SE LAMBAT INI.",eling tidak sih nih biasanya secepat kilat sekarang lambat sekali instagram gake refresh sama sekali twitter juga sama bagaimana nih bosan menanyakan nomor terus tetapi sudah hari se lambat ini,"Eling isn't, usually as fast as lightning, now slowly Instagram doesn't refresh at all Twitter is also the same as how tired",Error: 'Translator' object has no attribute 'raise_Exception',Error: 'Translator' object has no attribute 'raise_Exception',"Eling isn't, usually as fast as lightning, now slowly Instagram doesn't refresh at all Twitter is also the same as how tired","Eling isn't 3 ???? !!!!!!Usually as fast as lightning, now it's really slow Instagram to not refresh at all Twitter is the same !!!!!!!!!!!What do you do?Tired of asking the number first but it's been 5 days as slow as this.","Eling isn't, it's usually as fast as lightning now, now slowly, Instagram, I don't refresh at all, Twitter is the same as how to get bored asking the number but it's been this slow day"
fear,[USERNAME] demi apapun w takut ama ntu hewan. trauma pernah digigit dan w abis itu ke rumah sakit gegara keracunan. padahal digigit sama yang kecil masih anaknya gitu tapi buset dah w langsung pusing lemes. jadi ampe sekarang kalau ngeliat ini hewan langsu,demi apa pun saya takut sama itu hewan trauma pernah digigit dan saya habis itu ke rumah sakit gegara keracunan padahal digigit sama yang kecil masih anaknya begitu tetapi buset sudah saya langsung pusing lemas jadi sampai sekarang kalau melihat ini hewan langsung,Demi apapun aku takut akan hewan itu. Trauma pernah digigit dan aku abis itu ke rumah sakit gegara keracunan. Padahal digigit sama yang kecil masih anaknya gitu tapi buset dah aku langsung pusing lemes.,demi apa pun saya takut akan hewan itu trauma pernah digigit dan saya habis itu ke rumah sakit gegara keracunan padahal digigit sama yang kecil masih anaknya begitu tetapi buset sudah saya langsung pusing lemas,"For whatever sake I was afraid of that the trauma was bitten and I finished it to the Poisoned Poisoned Hospital even though it was bitten by the small one, but the son was like that, but I was immediately dizzy until now when I saw this animal directly","For whatever sake I'm afraid of the animal.The trauma was bitten and I was after that to the Poisoned Ggegara Hospital.Even though bit bitten by the small one, still a child, but I was immediately dizzy.","For whatever sake I was afraid that the animal was traumatized by being bitten and I finished it to the Poisoned Ggegara Hospital even though it was bitten by the small one, but the son was like that but I was immediately dizzy","For whatever sake I was afraid of that the trauma was bitten and I finished it to the Poisoned Poisoned Hospital even though it was bitten by the small one, but the son was like that, but I was immediately dizzy until now when I saw this animal directly","For whatever sake I'm afraid of the animal.The trauma was bitten and I was after that to the Poisoned Ggegara Hospital.Even though bit bitten by the small one, still a child, but I was immediately dizzy.","For whatever sake I was afraid that the animal was traumatized by being bitten and I finished it to the Poisoned Ggegara Hospital even though it was bitten by the small one, but the son was like that but I was immediately dizzy"
love,":: meski aku golput.. tp salut [USERNAME] .. ia satu2nya presiden #RakyatIndonesia yg bisa menangis di depan publik... :: memang tak sedikit lawan2 politiknya.. mngcap dia sombong.. :: tapi, nyatanya, ia menangis.. :: :: #SaveNKRI [URL]",meski saya golongan putih tetapi salut ia satu nya presiden rakyatindonesia yang bisa menangis di depan publik memang tidak sedikit lawan politiknya mengecap dia sombong tetapi nyatanya ia menangis savenkri,"Meski aku golput, tapi salut [@USERNAME] ... ia satu-satunya presiden #RakyatIndonesia yang bisa menangis di depan publik... Memang tak sedikit lawan politiknya menilainya sombong... Tapi, nyatanya, ia menangis... #SaveNKRI [URL]",meski saya golongan putih tetapi salut ia satu satu nya presiden rakyatindonesia yang bisa menangis di depan publik memang tidak sedikit lawan politiknya menilainya sombong tetapi nyatanya ia menangis savenkri,"even though I am a white group, but salute him, the one of the people of Indonesia who can cry in public is not a few political opponents tasting him arrogant but in fact he cried Savenkri","Even though I abstentions, but salute [@username] ... he is the only president #rakyatindonesia who can cry in public ... indeed not a few political opponents judge it arrogant ... but, in fact, he cries ... #savenkri[URL]","Even though I am a white group, but he salutes the one of the people of Indonesia who can cry in public, not a few political opponents judge him arrogant but in fact he is crying Savenkri","even though I am a white group, but salute him, the one of the people of Indonesia who can cry in public is not a few political opponents tasting him arrogant but in fact he cried Savenkri","Even though I abstentions, but salute [@username] ... he is the only president #rakyatindonesia who can cry in public ... indeed not a few political opponents judge it arrogant ... but, in fact, he cries ... #savenkri[URL]","Even though I am a white group, but he salutes the one of the people of Indonesia who can cry in public, not a few political opponents judge him arrogant but in fact he is crying Savenkri"
anger,bacot parah galak kalau udah marah jan mau deh dimarahin lex. caca aja kapokgabisa dibohongin kalau ttg cinta tp knpa ttg lainnya lu bege ya susah beud disuruh tidur atau makan my human diary yang kita dkt gatau grgr,banyak bicara parah galak kalau sudah marah jangan ingin deh dimarahi lex caca saja kapok gabisa dibohongin kalau tentang cinta tetapi kenapa tentang lainnya kamu bege iya susah banget disuruh tidur atau makan my manusia diary yang kita dekat tidak tahu gara gara,"Bacotnya parah, galak banget kalau sudah marah. Nggak mau deh dimarahin lagi sama Lex. Caca aja kapok. Nggak bisa dibohongi soal cinta, tapi kenapa soal yang lain kamu bandel banget, ya? Susah banget disuruh tidur atau makan. My human diary, kita dekat tapi nggak tahu kenapa begini",bacotnya parah galak sekali kalau sudah marah tidak ingin deh dimarahi sedang sama lex caca saja kapok tidak bisa dibohongi soal cinta tetapi kenapa soal yang lain kamu bandel banget iya susah sekali disuruh tidur atau makan my manusia diary kita dekat tetapi tidak tahu kenapa begini,lots of fierce talk when you're angry don't want to be scolded by lex caca just giving it up to be lied to if you are about love but why about the other things you are very hard to be told to sleep or eat my man diary that we are close do not know because of,"The bacot is bad, it's really fierce when you're angry.I don't want to be scolded again with Lex.Caca just give up.Can't be fooled about love, but why is the other matter you are so stubborn, huh?It's really hard to be told to sleep or eat.My human diary, we are close but don't know why this","The bacot is very fierce when you're angry don't want to be scolded at the same time Lex Caca just kapok can't be fooled about love but why is the other matter you are very stubborn, yes, it's hard to be told to sleep or eat my human diary but don't know why this is like this",lots of fierce talk when you're angry don't want to be scolded by lex caca just giving it up to be lied to if you are about love but why about the other things you are very hard to be told to sleep or eat my man diary that we are close do not know because of,"The bacot is bad, it's really fierce when you're angry.I don't want to be scolded again with Lex.Caca just give up.Can't be fooled about love, but why is the other matter you are so stubborn, huh?It's really hard to be told to sleep or eat.My human diary, we are close but don't know why this","The bacot is very fierce when you're angry don't want to be scolded at the same time Lex Caca just kapok can't be fooled about love but why is the other matter you are very stubborn, yes, it's hard to be told to sleep or eat my human diary but don't know why this is like this"
fear,"[USERNAME] nyabutnya santae aja pake jari asal jgn kena kuku. beli softlennya yg emg bagus dan jelas. dulu ku pernah beli soflen di tmn cuma yg warna22an gt biasanya item. terus lg gangapa22in ujug22 gatel perih etaunya robek :,( untung cepet22 dikeluari",nyabutnya santae saja pakai jari asal jangan kena kuku beli softlennya yang memang bagus dan jelas dulu aku pernah beli softlense di teman cuma yang warna an begitu biasanya hitam terus sedang gangapa ini ujug gatal perih etaunya robek untung cepat dikeluari,@[USERNAME] nyabutnya santai saja pakai jari asal jangan kena kuku. beli softlens yang memang bagus dan jelas. dulu ku pernah beli softlens di teman cuma yang warna-warni gitu biasanya item. terus lagi gangapain itu ujung-ujungnya gatel perih ketahuan robek :( untung cepat-cepat dikeluarkan,nyabutnya santai saja pakai jari asal jangan kena kuku beli softlens yang memang bagus dan jelas dulu aku pernah beli softlens di teman cuma yang warna warni begitu biasanya hitam terus sedang tidak berbuat apa-apa itu ujung ujungnya gatal perih ketahuan robek untung cepat cepat di keluar kan,"Santae just use a finger as long as you don't get a nail buying the softlen that is good and clear I have ever bought a contact lense at a friend, only the color is so usually black and it is itchy, itchy","@[Username] The nyabut is relaxed using your fingers as long as you don't get a nail.Buy contact lenses that are good and clear.I used to have bought contact lenses at friends only colors that are usually items.then again, the edges are gatel sore sore torn :( profit quickly issued","The nyabut is relaxed using a finger as long as you don't get a nail, buy a contact lens that is good and it's clear that I once bought a contact lens at a friend, only the colorful are usually black and it is not doing anything that is the tip of itching, itchy","Santae just use a finger as long as you don't get a nail buying the softlen that is good and clear I have ever bought a contact lense at a friend, only the color is so usually black and it is itchy, itchy",Error: 'Translator' object has no attribute 'raise_Exception',"The nyabut is relaxed using a finger as long as you don't get a nail, buy a contact lens that is good and it's clear that I once bought a contact lens at a friend, only the colorful are usually black and it is not doing anything that is the tip of itching, itchy"
fear,Hanya mampu retweet bagi peminat cerita seram tengok je lah. Saya penakut. Kalau tengok kat wayang ni dengar suara aku sorang je menjerit walaupun tutup mata,hanya mampu retweet bagi peminat cerita seram tengok je lah saya penakut kalau tengok kat wayang ini dengar suara saya seorang je menjerit walaupun tutup mata,Hanya mampu retweet bagi peminat cerita seram tengok saja. Saya penakut. Kalau tengok di wayang ini dengar suara aku sorang saja menjerit walaupun tutup mata,hanya mampu retweet bagi peminat cerita seram tengok saja saya penakut kalau tengok di wayang ini dengar suara saya seorang saja menjerit walaupun tutup mata,"Only able to retweet for enthusiasts of scary stories, see me, I was timid when I looked at this puppet","Only able to retweet for enthusiasts of scary stories just look.I'm timid.If you look at this puppet, I hear the voice I just scream even though it is closed","Only able to retweet for enthusiasts of scary stories, just look at me if you look at this puppet hearing my voice someone just screamed even though the lid of my eyes","Only able to retweet for enthusiasts of scary stories, see me, I was timid when I looked at this puppet","Only able to retweet for enthusiasts of scary stories just look.I'm timid.If you look at this puppet, I hear the voice I just scream even though it is closed",Error: 'Translator' object has no attribute 'raise_Exception'
love,"Haha, tiap hari juga kamu selalu terpesona dan semakin terpesona sama aku kkk~",tertawa tiap hari juga kamu selalu terpesona dan semakin terpesona sama saya ,"Haha, setiap hari juga kamu selalu terpesona dan semakin terpesona sama aku hehe",tertawa setiap hari juga kamu selalu terpesona dan semakin terpesona sama saya he,Laughing every day you are always fascinated and increasingly fascinated by me,"Haha, every day you are always fascinated and more fascinated by me hehe",Laughing every day you are always fascinated and increasingly fascinated by me he he,Laughing every day you are always fascinated and increasingly fascinated by me,Error: 'Translator' object has no attribute 'raise_Exception',Laughing every day you are always fascinated and increasingly fascinated by me he he
fear,Apa yang akan kamu lakukan jika ada singa masuk ke rumahmu? nyuruh singanya makan kau. biar mati kenak makan singa. uh ngeri ya off anonla m h e h e,apa yang akan kamu lakukan jika ada singa masuk ke rumahmu Suruh singa nya makan kau biar mati kenak makan singa uh negeri iya off anonla sama h e h e,"Apa yang akan kamu lakukan jika ada singa masuk ke rumahmu? Menyuruh singanya makan kamu, biar mati kenak makan singa. Uh, ngeri ya...",apa yang akan kamu lakukan jika ada singa masuk ke rumahmu menyuruh singa nya makan kamu biar mati kenak makan singa uh negeri iya,"what will you do if a lion goes into your house, tell her lion to eat, so you die, you die, eating a lion, yes off anonla and h e h e","What would you do if a lion entered your house?Taking a lion to eat you, so that you die to eat a lion.Uh, horrified ...","What are you going to do if a lion goes into your house tells her lion to eat to die, you die, eat the Lion Uh Negeri, yes","what will you do if a lion goes into your house, tell her lion to eat, so you die, you die, eating a lion, yes off anonla and h e h e","What would you do if a lion entered your house?Taking a lion to eat you, so that you die to eat a lion.Uh, horrified ...","What are you going to do if a lion goes into your house tells her lion to eat to die, you die, eat the Lion Uh Negeri, yes"
love,"Kalo udah sayang beneran itu mau dihadapkan sama cowok yang lebih tajir +++, ganteng +++, pinter +++, serba +++, dll itu pasti bakalan tetep ga mau berpindah",kalau sudah sayang benar itu ingin dihadapkan sama cowok yang lebih kaya ganteng pintar serba dan lain itu pasti akan tetap tidak ingin berpindah,"Kalau sudah sayang benaran itu mau dihadapkan sama cowok yang lebih tajir, ganteng, pinter, serba positif, dan lain-lain itu pasti bakalan tetap tidak mau berpindah",kalau sudah sayang benaran itu ingin dihadapkan sama cowok yang lebih kaya ganteng pintar serba positif dan lain lain itu pasti akan tetap tidak ingin berpindah,"If you already love it, you want to be confronted with a guy who is richer handsome smart and others will definitely not want to move","If you already love it, you want to be confronted with a man who is more rich, handsome, smart, positive, etc. it will still not want to move",Error: 'Translator' object has no attribute 'raise_Exception',Error: 'Translator' object has no attribute 'raise_Exception',"If you already love it, you want to be confronted with a man who is more rich, handsome, smart, positive, etc. it will still not want to move","If you already love it, you want to be confronted with a guy who is richer, handsome, smart, and others, you will definitely not want to move"
fear,"[USERNAME] Lagi main di rumah temen tuh. Pas pipis liat cd udah merah gitu. Langsung izin pulang bilangnya mendadak sakit Pas sampe rumah bilang, ""itu""kakak berdarah mah. Takut. Soalnya emang pas main jatuh. Pas diliat dibilang mens. Hue besoknya pe",sedang main di rumah teman tuh pas kencing lihat cd sudah merah begitu langsung izin pulang katanya mendadak sakit pas sampai rumah bilang itu kakak berdarah mah takut sebab memang pas main jatuh pas dilihat dibilang mens hue besoknya pe,"[USERNAME] Lagi main di rumah temen tuh. Pas pipis, lihat celana dalam udah merah gitu. Langsung izin pulang, bilangnya mendadak sakit. Pas sampai rumah bilang, 'Itu, Kak, berdarah, mah. Takut.' Soalnya emang pas main jatuh. Pas dilihat, dibilang mens. Huh, besoknya pusing.",sedang main di rumah teman tuh pas kencing lihat celana dalam sudah merah begitu langsung izin pulang katanya mendadak sakit pas sampai rumah bilang itu kakak berdarah mah takut sebab memang pas main jatuh pas dilihat dibilang mens apa besoknya pusing,"was playing at a friend's house when urinating seeing the CD was already red so immediately permission to go home, he said he was suddenly sick when I said that it was a bloody brother, because when I played when I was playing it was said","[Username] I'm playing at a friend's house.When peeing, see the underwear is already red.Immediately permission to go home, say it suddenly hurts.When I arrived home, 'that, sis, bleeding, mah.Afraid.'The problem is when playing falling.When seen, said menses.Huh, the next day dizzy.","was playing at a friend's house when urinating saw the underwear was red so immediately permission to go home, he said he was suddenly sick when I said that it was a bloody brother, because when I played when I was playing, I was told to say what the next day was dizzy the next day","was playing at a friend's house when urinating seeing the CD was already red so immediately permission to go home, he said he was suddenly sick when I said that it was a bloody brother, because when I played when I was playing it was said","[Username] I'm playing at a friend's house.When peeing, see the underwear is already red.Immediately permission to go home, say it suddenly hurts.When I arrived home, 'that, sis, bleeding, mah.Afraid.'The problem is when playing falling.When seen, said menses.Huh, the next day dizzy.",Error: 'Translator' object has no attribute 'raise_Exception'
love,SATU LAGI KALIAN DUA AKUN BASE YANG PALING AKU SAYANG. YANG PALING BISA MENGINGATKAN SATU SAMA LAIN. DAN MAKASIH BANYAK BUAT ADMIN2NYAAA ILY ILY ILY I PURPLE YOU! [USERNAME] [USERNAME] [USERNAME],satu sedang kalian dua akun base yang paling saya sayang yang paling bisa mengingatkan satu sama lain dan makasih banyak buat admin ny saya cinta kamu saya cinta kamu saya cinta kamu i purple kamu,SATU LAGI KALIAN DUA AKUN BASE YANG PALING AKU SAYANG. YANG PALING BISA MENGINGATKAN SATU SAMA LAIN. DAN MAKASIH BANYAK BUAT ADMIN-ADMINNYA I LOVE YOU I LOVE YOU I LOVE YOU I PURPLE YOU!,satu sedang kalian dua akun base yang paling saya sayang yang paling bisa mengingatkan satu sama lain dan makasih banyak buat admin adminnya i cinta kamu i cinta kamu i cinta kamu i purple kamu,Error: 'Translator' object has no attribute 'raise_Exception',One more you are the two base accounts that I love the most.The most can remind each other.And thanks a lot for the admins I Love You I Love You I Love You I Purple You!,One of you is the two base accounts that I love the most that can remind each other and thank you very much for the admin Admin I Love You Love You Love You I Purple You Purple,One of you are the two base accounts that I love the most that can remind each other and thank you very much for the admin I love you I love I love you I Purple you you,One more you are the two base accounts that I love the most.The most can remind each other.And thanks a lot for the admins I Love You I Love You I Love You I Purple You!,One of you is the two base accounts that I love the most that can remind each other and thank you very much for the admin Admin I Love You Love You Love You I Purple You Purple
fear,[USERNAME] libur tapi ini tugas dikumpulin senin aq takut kalo tida selesai p.s sekali lagi ngirim foto yoongi yang macem gituan AQ BLOCK p.s.s SAME ENERGY WITH THIS PICT DJKDDJDLDL [URL],libur tetapi ini tugas dikumpulin senin saya takut kalau tidak selesai p si sekali sedang mengirim foto yoongi yang macam begitu saya block p si si sama energy dengan this pict djkddjdldl,"Libur, tapi ini tugas dikumpulin Senin, aku takut kalau nggak selesai. Sekali lagi ngirim foto Yoongi yang macem gituan, AKU BLOKIR. P.S.S. SAME ENERGY WITH THIS PICTURE.",libur tetapi ini tugas dikumpulin senin saya takut kalau tidak selesai sekali sedang mengirim foto yoongi yang macam begituan saya blokir p si si sama energy dengan this foto,"Holidays but this is a task for being collected Monday, I'm afraid that if it is not finished once sending a photo of Yoongi who is like that I block the same energy as this picture DJKDJDLDL",Error: 'Translator' object has no attribute 'raise_Exception',Error: 'Translator' object has no attribute 'raise_Exception',"Holidays but this is a task for being collected Monday, I'm afraid that if it is not finished once sending a photo of Yoongi who is like that I block the same energy as this picture DJKDJDLDL","Holidays, but this is a task to be collected Monday, I'm afraid if it's not finished.Once again sending a photo of Yoongi who is so bad, I blocked.P.S.S.Same energy with this picture.",Error: 'Translator' object has no attribute 'raise_Exception'
anger,"[USERNAME] [USERNAME] bisa juga dengan sepatah awalan di depan kalimat: ""makanya.........."" ""Kan udah gue bilang......."" ""Ngotot sih dikasih tau......"" ""Pala batu sih....."" Et cetera~",bisa juga dengan sepatah awalan di depan kalimat makanya kan sudah saya bilang keras kepala sih dikasih tahu kepala batu sih et cetera,"[USERNAME] [USERNAME] bisa juga dengan sepatah awalan di depan kalimat: ""makanya.........."" ""Kan udah gue bilang......."" ""Ngotot sih dikasih tau......"" ""Pala batu sih....."" Et cetera ~",bisa juga dengan sepatah awalan di depan kalimat makanya kan sudah saya bilang keras kepala sih dikasih tahu kepala batu sih et cetera,It could also be a prefix in front of the sentence so I already told you stubborn,Error: 'Translator' object has no attribute 'raise_Exception',It could also be a prefix in front of the sentence so I already told you stubborn,It could also be a prefix in front of the sentence so I already told you stubborn,"[Username] [Username] can also be a prefix in front of the sentence: ""That's why .........."" ""I already said ......."".. """" Batu nutmeg ..... ""et cetera ~",It could also be a prefix in front of the sentence so I already told you stubborn
sadness,"*Ngbrol masalah gaji* Atasan aing : waktu itu gmna sih ndre detail gajimu? Yg di jelasin pak **** Aing: gatau pak, saya nanyain gaji aja malah di marahin Atasan aing:....... Aing:......... SAVAGE *langsung ada backsound mobile legend",ngbrol masalah gaji atasan saya waktu itu bagaimana sih ndre detail gajimu yang di jelasin pak saya tidak tahu pak saya menanyakan gaji saja bahkan di marahin atasan saya saya savage langsung ada backsound mobile legend,"""Ngebrol masalah gaji. Atasan saya: waktu itu gimana sih ndre detail gajimu? Yang dijelasin pak ****. Saya: gatau pak, saya nanyain gaji aja malah dimarahin. Atasan saya:....... Saya:....... SAVAGE *langsung ada backsound Mobile Legend.""",ngebrol masalah gaji atasan saya waktu itu bagaimana sih ndre detail gajimu yang dijelasin pak saya tidak tahu pak saya menanyakan gaji saja bahkan dimarahi atasan saya saya savage langsung ada backsound mobile legend,Error: 'Translator' object has no attribute 'raise_Exception',"""Salary issues. My boss: at that time, how about Ndre, your salary detailed? What was explained sir ****...... Savage *immediately there is a backsound mobile legend. ""","Horning my boss's salary problem at that time how the hell was Ndre your salary detailed, sir, I didn't know, sir, I asked for a salary, even I was scolded by my boss.","Calling the salary issue of my boss at that time how the hell was Ndre your salary detailed, sir, I did not know, sir, I asked for salary, even in my boss I savage immediately there was a backsound mobile legend","""Salary issues. My boss: at that time, how about Ndre, your salary detailed? What was explained sir ****...... Savage *immediately there is a backsound mobile legend. ""","Horning my boss's salary problem at that time how the hell was Ndre your salary detailed, sir, I didn't know, sir, I asked for a salary, even I was scolded by my boss."
sadness,"Gue pun juga ngatain sesama perempuan, memutus rantai akan julit emang susah owislah~~ ibarate sego uwis dadi bubur~ flying money money",saya pun juga mengutuk sesama perempuan memutus rantai akan iri memang susah owislah ibarat nya sego uwis dadi bubur flying money money,"Aku pun juga mengatakan sesama perempuan, memutus rantai akan julit memang susah. ibarat sego sudah jadi bubur. flying money money",saya pun juga mengatakan sesama perempuan memutus rantai akan iri memang susah ibarat sego sudah jadi bubur flying money money,"I also curse fellow women to break the chain of jealousy, it is indeed difficult to owis like it is always uwis dadi bubur flying money money",Error: 'Translator' object has no attribute 'raise_Exception',"I also said that fellow women broke the chain to be jealous, it was difficult to become a Flying Money Money porridge","I also curse fellow women to break the chain of jealousy, it is indeed difficult to owis like it is always uwis dadi bubur flying money money","I also said fellow women, breaking the chain to Julit is indeed difficult.Like sego has become porridge.Flying Money Money","I also said that fellow women broke the chain to be jealous, it was difficult to become a Flying Money Money porridge"
anger,"Kasus via Vallen, itu juga sering terjadi kok, dari yang gue kenal orang nya sampai gk gue kenal orang nya, sering bertebaran gambar t*t*t di DM gue , messenger, WA lah yg gue lakukan block, block or report akun nya, kelar",kasus via vallen itu juga sering terjadi kok dari yang saya kenal orang nya sampai tidak saya kenal orang nya sering bertebaran gambar t t t di pesan langsung saya messenger saya lah yang saya lakukan block block atau laporan akun nya selesai,"Kasus Via Vallen, itu juga sering terjadi kok, dari yang gua kenal orangnya sampai enggak gua kenal orangnya, sering bertebaran gambar t*t*t di Direct Message gua, messenger, WhatsApp lah yang gua lakukan block, block or report akunnya, kelar",kasus via vallen itu juga sering terjadi kok dari yang saya kenal orangnya sampai tidak saya kenal orangnya sering bertebaran gambar t t t di direct message saya messenger whatsapp lah yang saya lakukan block block atau laporan akunnya selesai,Via Vallen's case also often happens from what I know the people until I don't know the people often scattered images of T t t t t t t t t t T T TIRDLY I MESSENGER MY MY MY MY BLOCK BLOCK or the account report is complete,"Via Vallen's case, it also often happens, from what I know the person to not know the person, often scattered images of T*t*t on my direct message, messenger, whatsapp it is what I do block, block or report account, finished",Via Vallen's case also often happens from what I know the person until I don't know the person often scattered images of T T t t t t t t t t t t t t t t t t t t t t I MESSENGER WHATSAPP is what I do block blocks or the account report is complete,Via Vallen's case also often happens from what I know the people until I don't know the people often scattered images of T t t t t t t t t t T T TIRDLY I MESSENGER MY MY MY MY BLOCK BLOCK or the account report is complete,"Via Vallen's case, it also often happens, from what I know the person to not know the person, often scattered images of T*t*t on my direct message, messenger, whatsapp it is what I do block, block or report account, finished",Via Vallen's case also often happens from what I know the person until I don't know the person often scattered images of T T t t t t t t t t t t t t t t t t t t t t I MESSENGER WHATSAPP is what I do block blocks or the account report is complete
fear,aku takut dngn smua bnda.. ap y bkl trjadi ap y tgh tjadi kat sekeliling aku.. aku takut dngn diri sndiri.. hate this feeling.. just wanna die rn.. fml,saya takut dengan semua benda apa ya bakal terjadi apa ya tengah tjadi kat sekeliling aku saya takut dengan diri sendiri benci this feeling hanya ingin mati rn fml,aku takut dengan semua benda.. apa yang bakal terjadi apa yang tengah berlaku di sekeliling aku.. aku takut dengan diri sendiri.. hate this feeling.. just wanna die right now.. family,saya takut dengan semua benda apa yang bakal terjadi apa yang tengah berlaku di sekeliling aku saya takut dengan diri sendiri benci this feeling hanya ingin mati right now keluarga,I am afraid of all what things will happen what happens to be around me around me I am afraid of myself hate this feeling just want to die RN FML,I'm afraid of all things ... what will happen what is in force around me .. I'm afraid of myself .. hate this feeling .. just wanta die right now .. Family,I am afraid of all what objects will happen what is in force around me I am afraid of myself hate this feeling just want to die right now,I am afraid of all what things will happen what happens to be around me around me I am afraid of myself hate this feeling just want to die RN FML,I'm afraid of all things ... what will happen what is in force around me .. I'm afraid of myself .. hate this feeling .. just wanta die right now .. Family,I am afraid of all what objects will happen what is in force around me I am afraid of myself hate this feeling just want to die right now
anger,"[USERNAME] [USERNAME] [USERNAME] Dan lebihnya speak up itu dikatain lebay, cari sensasi dsb Mereka ga mikir, kalo mau speak up itu butuh keberanian, karna sebenernya pelecehan itu aib tp kalo ga speak up itu orang jg ga bakal jera, ga ngerasa mal",dan lebihnya berbicara up itu di katain berlebihan cari sensasi dan sebagainya mereka tidak pikir kalau ingin berbicara up itu butuh keberanian karena sebenarnya pelecehan itu aib tetapi kalau tidak berbicara up itu orang juga tidak bakal jera tidak merasa mal,"[USERNAME] [USERNAME] [USERNAME] Dan lebihnya speak up itu dikatain lebay, cari sensasi dan lain sebagainya. Mereka tidak mikir, kalau mau speak up itu butuh keberanian, karena sebenarnya pelecehan itu aib tapi kalau tidak speak up itu orang juga tidak bakal jera, tidak merasa mal",dan lebihnya berbicara up itu di katain berlebihan cari sensasi dan lain sebagainya mereka tidak pikir kalau ingin berbicara up itu butuh keberanian karena sebenarnya pelecehan itu aib tetapi kalau tidak berbicara up itu orang juga tidak bakal jera tidak merasa mal,Error: 'Translator' object has no attribute 'raise_Exception',"[Username] [Username] [Username] and more speak ups are said to be overdone, find sensations and so forth.They don't think, if you want speak up it requires courage, because actually harassment is a disgrace but if not speak up, people will not be deterrent, don't feel mall","And more about talking up is excessively looking for sensation and so on, they don't think if they want to talk up it requires courage because actually the harassment is disgrace but if you don't speak up, people will not be deterrent","And more about talking up is excessively looking for sensation and so on they don't think if they want to talk up it requires courage because actually the harassment is disgrace but if you don't speak up, people will not be deterrent","[Username] [Username] [Username] and more speak ups are said to be overdone, find sensations and so forth.They don't think, if you want speak up it requires courage, because actually harassment is a disgrace but if not speak up, people will not be deterrent, don't feel mall","And more about talking up is excessively looking for sensation and so on, they don't think if they want to talk up it requires courage because actually the harassment is disgrace but if you don't speak up, people will not be deterrent"
love,"[USERNAME] HYUNMIN DOOONG!! MEREKA ITU RACUN BANGET KE GUEEE! KAPAL YANG PALING TULUS, KAPAL YANG PALING ROMANTIS BAGI GUE, MOMENT KECIL YANG MEREKA BUAT AJA UDAH BIKIN GONJANG-GANJING BODO AMAT DISINDIR SINDIR KAPAL LAIN WQWQWQ~ GUE SAYANG KAPAL INI T",hyunmin dng mereka itu racun sekali ke gu kapal yang paling tulus kapal yang paling romantis bagi saya momen kecil yang mereka buat saja sudah buat gonjang ganjing bodo sangat disindir sindir kapal lain wqwqwq saya sayang kapal ini t,"HYUNMIN DONG!! MEREKA ITU RACUN BANGET KE GUE! KAPAL YANG PALING TULUS, KAPAL YANG PALING ROMANTIS BAGI GUE, MOMENT KECIL YANG MEREKA BUAT AJA UDAH BIKIN GONJANG-GANJING BODO AMAT DISINDIR-SINDIR KAPAL LAIN WQWQWQ~ GUE SAYANG KAPAL INI T",hyunmin dong mereka itu racun sekali ke saya kapal yang paling tulus kapal yang paling romantis bagi saya momen kecil yang mereka buat saja sudah buat gonjang ganjing bodo sangat disindir sindir kapal lain wqwqwq saya sayang kapal ini t,"Hyunmin D Ng they are very poisonous to the most sincere ship of the ship, the most romantic ship for me the small moment they made has made the bodo ganjang bodo very much insinuated by another ship WQWQWQ I love this ship t",Error: 'Translator' object has no attribute 'raise_Exception',Error: 'Translator' object has no attribute 'raise_Exception',"Hyunmin D Ng they are very poisonous to the most sincere ship of the ship, the most romantic ship for me the small moment they made has made the bodo ganjang bodo very much insinuated by another ship WQWQWQ I love this ship t","Hyunmin please !!They are really poisonous to me!The most sincere ship, the most romantic ship for me, the small moments they made have made the bodo bumps very much insinuated by other ships wqwqwq ~ I love this ship t","Hyunmin, they are very poisonous to me, the most sincere ship, the most romantic ship for me, the small moments they made, have made the bodo bodo too much."
sadness,pusing qlo gini pilih yang mana qlo gini (at pt airmas asri),pusing qlo begini pilih yang mana qlo begini at perseroan terbatas air mas asri,"Pusing sekali begini, pilih yang mana begini. (di PT Airmas Asri)",pusing sekali begini pilih yang mana begini di perseroan terbatas air mas asri,"Dizzy Qlo like this, choose which Qlo is like this at Limited Limited from Air Asri",Error: 'Translator' object has no attribute 'raise_Exception',"Very dizzy like this, choose this one in the Limited Liability Company of Air Asri","Dizzy Qlo like this, choose which Qlo is like this at Limited Limited from Air Asri","Very dizzy like this, choose which one like this.(at PT Airmas Asri)","Very dizzy like this, choose this one in the Limited Liability Company of Air Asri"
happy,"Kalian kerja qeras bagay quda banget yaa buat kambek kali ini T.T Baiklah, besok2 streaming melon ama mv nya lebih semangaaatttzzzsss yaaaaa [USERNAME] :""""""""""""""""))))))",kalian kerja qeras bagay kuda sekali ya buat kembali kali ini t t baik lah besok streaming melon sama mv nya lebih semang yaa,"Kalian kerja keras banget ya buat comeback kali ini. Baiklah, besok streaming Melon ama MV-nya lebih semangat ya! [USERNAME] :""))))))",kalian kerja keras sekali iya buat eback kali ini baik lah besok streaming melon sama mv nya lebih semangat iya,you work qeras bagay horses once to come back this time t is good tomorrow streaming melons with the MV is more unjected,"You really work hard for this comeback.Alright, tomorrow streaming the melon and the MV is more enthusiastic![Username]: ""))))))","you guys work very hard, yes, for ebar this time, it's good tomorrow streaming melons and the MV is more enthusiastic",you work qeras bagay horses once to come back this time t is good tomorrow streaming melons with the MV is more unjected,Error: 'Translator' object has no attribute 'raise_Exception',"you guys work very hard, yes, for ebar this time, it's good tomorrow streaming melons and the MV is more enthusiastic"
